 0, 0, 0, 0, 0, 0, 0, 0, 0, 0, 0, 0, 0, 0, 0, 0, 0, 0, 0, 0, 0, 0, 0, 0, 0, 0, 0, 0, 0, 0, 0, 0, 0, 0, 0, 0, 0, 0, 0, 0, 0, 0, 0, 0, 0, 0, 0, 0, 0, 0, 0, 0, 0, 0, 0, 0, 0, 0, 0, 0, 0, 0, 0, 0, 0, 0, 0, 0, 0, 0, 0, 0, 0, 0, 0, 0, 0, 0, 0, 0, 0, 0, 0, 0, 0, 0, 0, 0, 0, 0, 0, 0, 0, 0, 0, 0, 0, 0, 0, 0, 0, 0, 0, 0, 0, 0, 0, 0, 0, 0, 0, 0, 0, 0, 0, 0, 0, 0, 0, 0, 0, 0, 0, 0, 0, 0, 0, 0, 0, 0, 0, 0, 0, 0, 0, 0, 0, 0, 0, 0, 0, 0, 0, 0, 0, 0, 0, 0, 0, 0, 0, 0, 0, 0, 0, 0, 0, 0, 0, 0, 0, 0, 0, 0, 0, 0, 0, 0, 0, 0, 0, 0, 0, 0
 0, 0, 0, 0, 0, 0, 0, 0, 0, 0, 0, 0, 0, 0, 0, 0, 0, 0, 0, 0, 0, 0, 0, 0, 0, 0, 0, 0, 0, 0, 0, 0, 0, 0, 0, 0, 0, 0, 0, 0, 0, 0, 0, 0, 0, 0, 0, 0, 0, 0, 0, 0, 0, 0, 0, 0, 0, 0, 0, 0, 0, 0, 0, 0, 0, 0, 0, 0, 0, 0, 0, 0, 0, 0, 0, 0, 0, 0, 0, 0, 0, 0, 0, 0, 0, 0, 0, 0, 0, 0, 0, 0, 0, 0, 0, 0, 0, 0, 0, 0, 0, 0, 0, 0, 0, 0, 0, 0, 0, 0, 0, 0, 0, 0, 0, 0, 0, 0, 0, 0, 0, 0, 0, 0, 0, 0, 0, 0, 0, 0, 0, 0, 0, 0, 0, 0, 0, 0, 0, 0, 0, 0, 0, 0, 0, 0, 0, 0, 0, 0, 0, 0, 0, 0, 0, 0, 0, 0, 0, 0, 0, 0, 0, 0, 0, 0, 0, 0, 0, 0, 0, 0, 0, 0
 0, 0, 0, 0, 0, 0, 0, 0, 0, 0, 0, 0, 0, 0, 0, 0, 0, 0, 0, 0, 0, 0, 0, 0, 0, 0, 0, 0, 0, 0, 0, 0, 0, 0, 0, 0, 0, 0, 0, 0, 0, 0, 0, 0, 0, 0, 0, 0, 0, 0, 0, 0, 0, 0, 0, 0, 0, 0, 0, 0, 0, 0, 0, 0, 0, 0, 0, 0, 0, 0, 0, 0, 0, 0, 0, 0, 0, 0, 0, 0, 0, 0, 0, 0, 0, 0, 0, 0, 0, 0, 0, 0, 0, 0, 0, 0, 0, 0, 0, 0, 0, 0, 0, 0, 0, 0, 0, 0, 0, 0, 0, 0, 0, 0, 0, 0, 0, 0, 0, 0, 0, 0, 0, 0, 0, 0, 0, 0, 0, 0, 0, 0, 0, 0, 0, 0, 0, 0, 0, 0, 0, 0, 0, 0, 0, 0, 0, 0, 0, 0, 0, 0, 0, 0, 0, 0, 0, 0, 0, 0, 0, 0, 0, 0, 0, 0, 0, 0, 0, 0, 0, 0, 0, 0
 0, 0, 0, 0, 0, 0, 0, 0, 0, 0, 0, 0, 0, 0, 0, 0, 0, 0, 0, 0, 0, 0, 0, 0, 0, 0, 0, 0, 0, 0, 0, 0, 0, 0, 0, 0, 0, 0, 0, 0, 0, 0, 0, 0, 0, 0, 0, 0, 0, 0, 0, 0, 0, 0, 0, 0, 0, 0, 0, 0, 0, 0, 0, 0, 0, 0, 0, 0, 0, 0, 0, 0, 0, 0, 0, 0, 0, 0, 0, 0, 0, 0, 0, 0, 0, 0, 0, 0, 0, 0, 0, 0, 0, 0, 0, 0, 0, 0, 0, 0, 0, 0, 0, 0, 0, 0, 0, 0, 0, 0, 0, 0, 0, 0, 0, 0, 0, 0, 0, 0, 0, 0, 0, 0, 0, 0, 0, 0, 0, 0, 0, 0, 0, 0, 0, 0, 0, 0, 0, 0, 0, 0, 0, 0, 0, 0, 0, 0, 0, 0, 0, 0, 0, 0, 0, 0, 0, 0, 0, 0, 0, 0, 0, 0, 0, 0, 0, 0, 0, 0, 0, 0, 0, 0
 0, 0, 0, 0, 0, 0, 0, 0, 0, 0, 0, 0, 0, 0, 0, 0, 0, 0, 0, 0, 0, 0, 0, 0, 0, 0, 0, 0, 0, 0, 0, 0, 0, 0, 0, 0, 0, 0, 0, 0, 0, 0, 0, 0, 0, 0, 0, 0, 0, 0, 0, 0, 0, 0, 0, 0, 0, 0, 0, 0, 0, 0, 0, 0, 0, 0, 0, 0, 0, 0, 0, 0, 0, 0, 0, 0, 0, 0, 0, 0, 0, 0, 0, 0, 0, 0, 0, 0, 0, 0, 0, 0, 0, 0, 0, 0, 0, 0, 0, 0, 0, 0, 0, 0, 0, 0, 0, 0, 0, 0, 0, 0, 0, 0, 0, 0, 0, 0, 0, 0, 0, 0, 0, 0, 0, 0, 0, 0, 0, 0, 0, 0, 0, 0, 0, 0, 0, 0, 0, 0, 0, 0, 0, 0, 0, 0, 0, 0, 0, 0, 0, 0, 0, 0, 0, 0, 0, 0, 0, 0, 0, 0, 0, 0, 0, 0, 0, 0, 0, 0, 0, 0, 0, 0
 0, 0, 0, 0, 0, 0, 0, 0, 0, 0, 0, 0, 0, 0, 0, 0, 0, 0, 0, 0, 0, 0, 0, 0, 0, 0, 0, 0, 0, 0, 0, 0, 0, 0, 0, 0, 0, 0, 0, 0, 0, 0, 0, 0, 0, 0, 0, 0, 0, 0, 0, 0, 0, 0, 0, 0, 0, 0, 0, 0, 0, 0, 0, 0, 0, 0, 0, 0, 0, 0, 0, 0, 0, 0, 0, 0, 0, 0, 0, 0, 0, 0, 0, 0, 0, 0, 0, 0, 0, 0, 0, 0, 0, 0, 0, 0, 0, 0, 0, 0, 0, 0, 0, 0, 0, 0, 0, 0, 0, 0, 0, 0, 0, 0, 0, 0, 0, 0, 0, 0, 0, 0, 0, 0, 0, 0, 0, 0, 0, 0, 0, 0, 0, 0, 0, 0, 0, 0, 0, 0, 0, 0, 0, 0, 0, 0, 0, 0, 0, 0, 0, 0, 0, 0, 0, 0, 0, 0, 0, 0, 0, 0, 0, 0, 0, 0, 0, 0, 0, 0, 0, 0, 0, 0
 0, 0, 0, 0, 0, 0, 0, 0, 0, 0, 0, 0, 0, 0, 0, 0, 0, 0, 0, 0, 0, 0, 0, 0, 0, 0, 0, 0, 0, 0, 0, 0, 0, 0, 0, 0, 0, 0, 0, 0, 0, 0, 0, 0, 0, 0, 0, 0, 0, 0, 0, 0, 0, 0, 0, 0, 0, 0, 0, 0, 0, 0, 0, 0, 0, 0, 0, 0, 0, 0, 0, 0, 0, 0, 0, 0, 0, 0, 0, 0, 0, 0, 0, 0, 0, 0, 0, 0, 0, 0, 0, 0, 0, 0, 0, 0, 0, 0, 0, 0, 0, 0, 0, 0, 0, 0, 0, 0, 0, 0, 0, 0, 0, 0, 0, 0, 0, 0, 0, 0, 0, 0, 0, 0, 0, 0, 0, 0, 0, 0, 0, 0, 0, 0, 0, 0, 0, 0, 0, 0, 0, 0, 0, 0, 0, 0, 0, 0, 0, 0, 0, 0, 0, 0, 0, 0, 0, 0, 0, 0, 0, 0, 0, 0, 0, 0, 0, 0, 0, 0, 0, 0, 0, 0
 0, 0, 0, 0, 0, 0, 0, 0, 0, 0, 0, 0, 0, 0, 0, 0, 0, 0, 0, 0, 0, 0, 0, 0, 0, 0, 0, 0, 0, 0, 0, 0, 0, 0, 0, 0, 0, 0, 0, 0, 0, 0, 0, 0, 0, 0, 0, 0, 0, 0, 0, 0, 0, 0, 0, 0, 0, 0, 0, 0, 0, 0, 0, 0, 0, 0, 0, 0, 0, 0, 0, 0, 0, 0, 0, 0, 0, 0, 0, 0, 0, 0, 0, 0, 0, 0, 0, 0, 0, 0, 0, 0, 0, 0, 0, 0, 0, 0, 0, 0, 0, 0, 0, 0, 0, 0, 0, 0, 0, 0, 0, 0, 0, 0, 0, 0, 0, 0, 0, 0, 0, 0, 0, 0, 0, 0, 0, 0, 0, 0, 0, 0, 0, 0, 0, 0, 0, 0, 0, 0, 0, 0, 0, 0, 0, 0, 0, 0, 0, 0, 0, 0, 0, 0, 0, 0, 0, 0, 0, 0, 0, 0, 0, 0, 0, 0, 0, 0, 0, 0, 0, 0, 0, 0
 0, 0, 0, 0, 0, 0, 0, 0, 1, 2, 2, 2, 2, 2, 2, 2, 2, 2, 2, 2, 2, 2, 2, 2, 2, 2, 2, 2, 2, 2, 2, 2, 2, 2, 2, 2, 2, 2, 2, 2, 2, 2, 2, 2, 2, 2, 2, 2, 2, 2, 2, 2, 2, 2, 2, 2, 2, 2, 2, 2, 2, 2, 2, 2, 2, 2, 2, 2, 2, 2, 2, 2, 2, 2, 2, 2, 2, 2, 2, 2, 2, 2, 2, 2, 2, 2, 2, 2, 2, 2, 2, 2, 2, 2, 2, 2, 2, 2, 2, 2, 2, 2, 2, 2, 2, 2, 2, 2, 2, 2, 2, 2, 2, 2, 2, 2, 2, 2, 2, 2, 2, 2, 2, 2, 2, 2, 2, 2, 2, 2, 2, 2, 2, 2, 2, 2, 2, 2, 2, 2, 2, 2, 2, 2, 2, 2, 2, 2, 2, 2, 2, 2, 2, 2, 2, 2, 2, 2, 2, 2, 2, 2, 2, 2, 2, 3, 0, 0, 0, 0, 0, 0, 0, 0
 0, 0, 0, 0, 0, 0, 0, 0, 4, 5, 5, 5, 5, 5, 5, 5, 5, 5, 5, 5, 5, 5, 5, 5, 5, 5, 5, 5, 5, 5, 5, 5, 5, 5, 5, 5, 5, 5, 5, 5, 5, 5, 5, 5, 5, 5, 5, 5, 5, 5, 5, 5, 5, 5, 5, 5, 5, 5, 5, 5, 5, 5, 5, 5, 5, 5, 5, 5, 5, 5, 5, 5, 5, 5, 5, 5, 5, 5, 5, 5, 5, 5, 5, 5, 5, 5, 5, 5, 5, 5, 5, 5, 5, 5, 5, 5, 5, 5, 5, 5, 5, 5, 5, 5, 5, 5, 5, 5, 5, 5, 5, 5, 5, 5, 5, 5, 5, 5, 5, 5, 5, 5, 5, 5, 5, 5, 5, 5, 5, 5, 5, 5, 5, 5, 5, 5, 5, 5, 5, 5, 5, 5, 5, 5, 5, 5, 5, 5, 5, 5, 5, 5, 5, 5, 5, 5, 5, 5, 5, 5, 5, 5, 5, 5, 5, 6, 0, 0, 0, 0, 0, 0, 0, 0
 0, 0, 0, 0, 0, 0, 0, 0, 4, 5, 5, 5, 5, 5, 5, 5, 5, 5, 5, 5, 5, 5, 5, 5, 5, 5, 5, 5, 5, 5, 5, 5, 5, 5, 5, 5, 5, 5, 5, 5, 5, 5, 5, 5, 5, 5, 5, 5, 5, 5, 5, 5, 5, 5, 5, 5, 5, 5, 5, 5, 5, 5, 5, 5, 5, 5, 5, 5, 5, 5, 5, 5, 5, 5, 5, 5, 5, 5, 5, 5, 5, 5, 5, 5, 5, 5, 5, 5, 5, 5, 5, 5, 5, 5, 5, 5, 5, 5, 5, 5, 5, 5, 5, 5, 5, 5, 5, 5, 5, 5, 5, 5, 5, 5, 5, 5, 5, 5, 5, 5, 5, 5, 5, 5, 5, 5, 5, 5, 5, 5, 5, 5, 5, 5, 5, 5, 5, 5, 5, 5, 5, 5, 5, 5, 5, 5, 5, 5, 5, 5, 5, 5, 5, 5, 5, 5, 5, 5, 5, 5, 5, 5, 5, 5, 5, 6, 0, 0, 0, 0, 0, 0, 0, 0
 0, 0, 0, 0, 0, 0, 0, 0, 4, 5, 5, 5, 5, 5, 5, 5, 5, 5, 5, 5, 5, 5, 5, 5, 5, 5, 5, 5, 5, 5, 5, 5, 5, 5, 5, 5, 5, 5, 5, 5, 5, 5, 5, 5, 5, 5, 5, 5, 5, 5, 5, 5, 5, 5, 5, 5, 5, 5, 5, 5, 5, 5, 5, 5, 5, 5, 5, 5, 5, 5, 5, 5, 5, 5, 5, 5, 5, 5, 5, 5, 5, 5, 5, 5, 5, 5, 5, 5, 5, 5, 5, 5, 5, 5, 5, 5, 5, 5, 5, 5, 5, 5, 5, 5, 5, 5, 5, 5, 5, 5, 5, 5, 5, 5, 5, 5, 5, 5, 5, 5, 5, 5, 5, 5, 5, 5, 5, 5, 5, 5, 5, 5, 5, 5, 5, 5, 5, 5, 5, 5, 5, 5, 5, 5, 5, 5, 5, 5, 5, 5, 5, 5, 5, 5, 5, 5, 5, 5, 5, 5, 5, 5, 5, 5, 5, 6, 0, 0, 0, 0, 0, 0, 0, 0
 0, 0, 0, 0, 0, 0, 0, 0, 4, 5, 5, 5, 5, 5, 5, 5, 5, 5, 5, 5, 5, 5, 5, 5, 5, 5, 5, 5, 5, 5, 5, 5, 5, 5, 5, 5, 5, 5, 5, 5, 5, 5, 5, 5, 5, 5, 5, 5, 5, 5, 5, 5, 5, 5, 5, 5, 5, 5, 5, 5, 5, 5, 5, 5, 5, 5, 5, 5, 5, 5, 5, 5, 5, 5, 5, 5, 5, 5, 5, 5, 5, 5, 5, 5, 5, 5, 5, 5, 5, 5, 5, 5, 5, 5, 5, 5, 5, 5, 5, 5, 5, 5, 5, 5, 5, 5, 5, 5, 5, 5, 5, 5, 5, 5, 5, 5, 5, 5, 5, 5, 5, 5, 5, 5, 5, 5, 5, 5, 5, 5, 5, 5, 5, 5, 5, 5, 5, 5, 5, 5, 5, 5, 5, 5, 5, 5, 5, 5, 5, 5, 5, 5, 5, 5, 5, 5, 5, 5, 5, 5, 5, 5, 5, 5, 5, 6, 0, 0, 0, 0, 0, 0, 0, 0
 0, 0, 0, 0, 0, 0, 0, 0, 4, 5, 5, 5, 5, 5, 5, 5, 5, 5, 5, 5, 5, 5, 5, 5, 5, 5, 5, 5, 5, 5, 5, 5, 5, 5, 5, 5, 5, 5, 5, 5, 5, 5, 5, 5, 5, 5, 5, 5, 5, 5, 5, 5, 5, 5, 5, 5, 5, 5, 5, 5, 5, 5, 5, 5, 5, 5, 5, 5, 5, 5, 5, 5, 5, 5, 5, 5, 5, 5, 5, 5, 5, 5, 5, 5, 5, 5, 5, 5, 5, 5, 5, 5, 5, 5, 5, 5, 5, 5, 5, 5, 5, 5, 5, 5, 5, 5, 5, 5, 5, 5, 5, 5, 5, 5, 5, 5, 5, 5, 5, 5, 5, 5, 5, 5, 5, 5, 5, 5, 5, 5, 5, 5, 5, 5, 5, 5, 5, 5, 5, 5, 5, 5, 5, 5, 5, 5, 5, 5, 5, 5, 5, 5, 5, 5, 5, 5, 5, 5, 5, 5, 5, 5, 5, 5, 5, 6, 0, 0, 0, 0, 0, 0, 0, 0
 0, 0, 0, 0, 0, 0, 0, 0, 4, 5, 5, 5, 5, 5, 5, 5, 5, 5, 5, 5, 5, 5, 5, 5, 5, 5, 5, 5, 5, 5, 5, 5, 5, 5, 5, 5, 5, 5, 5, 5, 5, 5, 5, 5, 5, 5, 5, 5, 5, 5, 5, 5, 5, 5, 5, 5, 5, 5, 5, 5, 5, 5, 5, 5, 5, 5, 5, 5, 5, 5, 5, 5, 5, 5, 5, 5, 5, 5, 5, 5, 5, 5, 5, 5, 5, 5, 5, 5, 5, 5, 5, 5, 5, 5, 5, 5, 5, 5, 5, 5, 5, 5, 5, 5, 5, 5, 5, 5, 5, 5, 5, 5, 5, 5, 5, 5, 5, 5, 5, 5, 5, 5, 5, 5, 5, 5, 5, 5, 5, 5, 5, 5, 5, 5, 5, 5, 5, 5, 5, 5, 5, 5, 5, 5, 5, 5, 5, 5, 5, 5, 5, 5, 5, 5, 5, 5, 5, 5, 5, 5, 5, 5, 5, 5, 5, 6, 0, 0, 0, 0, 0, 0, 0, 0
 0, 0, 0, 0, 0, 0, 0, 0, 4, 5, 5, 5, 5, 5, 5, 5, 5, 5, 5, 5, 5, 5, 5, 5, 5, 5, 5, 5, 5, 5, 5, 5, 5, 5, 5, 5, 5, 5, 5, 5, 5, 5, 5, 5, 5, 5, 5, 5, 5, 5, 5, 5, 5, 5, 5, 5, 5, 5, 5, 5, 5, 5, 5, 5, 5, 5, 5, 5, 5, 5, 5, 5, 5, 5, 5, 5, 5, 5, 5, 5, 5, 5, 5, 5, 5, 5, 5, 5, 5, 5, 5, 5, 5, 5, 5, 5, 5, 5, 5, 5, 5, 5, 5, 5, 7, 7, 7, 7, 7, 7, 5, 5, 5, 5, 5, 5, 5, 5, 5, 5, 5, 5, 5, 5, 5, 5, 5, 5, 5, 5, 5, 5, 5, 5, 5, 5, 5, 5, 5, 5, 5, 5, 5, 5, 5, 5, 5, 5, 5, 5, 5, 5, 5, 5, 5, 5, 5, 5, 5, 5, 5, 5, 5, 5, 5, 6, 0, 0, 0, 0, 0, 0, 0, 0
 0, 0, 0, 0, 0, 0, 0, 0, 4, 5, 5, 5, 5, 5, 5, 5, 5, 5, 5, 5, 5, 5, 5, 5, 5, 5, 5, 5, 5, 7, 7, 7, 7, 7, 7, 7, 5, 5, 5, 5, 5, 5, 5, 5, 5, 5, 5, 7, 7, 7, 7, 7, 7, 5, 5, 5, 5, 5, 5, 5, 5, 5, 5, 5, 5, 5, 5, 5, 5, 5, 5, 5, 5, 5, 5, 5, 5, 5, 5, 5, 5, 5, 5, 5, 5, 5, 5, 5, 5, 5, 5, 5, 5, 5, 5, 5, 5, 5, 5, 5, 5, 5, 7, 8, 9, 9, 9, 9, 9, 9,10, 5, 5, 5, 5, 5, 5, 5, 5, 5, 5, 5, 5, 5, 5, 5, 5, 5, 5, 5, 5, 5, 5, 5, 5, 5, 5, 5, 5, 5, 5, 5, 5, 5, 5, 5, 5, 5, 5, 5, 5, 5, 5, 5, 5, 5, 5, 5, 5, 5, 5, 5, 5, 5, 5, 6, 0, 0, 0, 0, 0, 0, 0, 0
 0, 0, 0, 0, 0, 0, 0, 0, 4, 5, 5, 5, 5, 5, 5, 5, 5, 5, 5, 5, 5, 5, 5, 5, 5, 5, 5, 5, 8,11,11,11,11,11,11,11,12, 5, 5, 5, 5, 5, 5, 5, 5, 7, 8, 9, 9, 9, 9, 9, 9,12, 5, 5, 5, 5, 5, 5, 5, 5, 5, 5, 5, 5, 5, 5, 5, 5, 5, 5, 5, 7, 7, 7, 7, 7, 7, 7, 7, 5, 5, 5, 5, 5, 5, 5, 5, 5, 5, 5, 5, 5, 5, 5, 5, 5, 5, 5, 7, 8,13,13,13,13,13, 9,14, 9,10, 5, 5, 5, 5, 5, 5, 5, 5, 5, 5, 5, 7, 7, 7, 7, 7, 7, 5, 5, 5, 5, 5, 5, 5, 5, 5, 5, 5, 5, 5, 5, 5, 5, 5, 5, 5, 5, 5, 5, 5, 5, 5, 5, 5, 5, 5, 5, 5, 5, 5, 5, 5, 5, 5, 6, 0, 0, 0, 0, 0, 0, 0, 0
 0, 0, 0, 0, 0, 0, 0, 0, 4, 5, 5, 5, 5, 5, 5, 5, 5, 5, 5, 5, 5, 5, 5, 5, 5, 5, 5, 8,11,11,11,11,11,11,11,11,11,12, 5, 5, 5, 5, 5, 5, 8, 9, 9, 9, 9, 9, 9, 9, 9, 9,10, 5, 5, 5, 7, 7, 7, 5, 5, 5, 5, 5, 5, 5, 5, 5, 7, 7, 8,15,15,15,15,15,15,15,15,12, 7, 5, 5, 5, 5, 5, 5, 5, 5, 5, 5, 5, 5, 5, 5, 5, 5, 8,13,13,13,13,13,13,13, 9,16, 9,10, 5, 5, 5, 5, 5, 5, 5, 7, 7, 7, 8,15,15,15,15,15,15,12, 7, 7, 7, 7, 7, 7, 7, 7, 5, 5, 5, 5, 5, 5, 5, 5, 5, 5, 5, 5, 5, 5, 5, 5, 5, 5, 5, 5, 5, 5, 5, 5, 5, 5, 5, 5, 6, 0, 0, 0, 0, 0, 0, 0, 0
 0, 0, 0, 0, 0, 0, 0, 0, 4, 5, 5, 5, 5, 5, 5, 5, 5, 5, 5, 5, 5, 5, 5, 5, 5, 5,17,11,11,11,11,11,11,11,11,11,11,11,12, 5, 5, 5, 5,17, 9, 9, 9, 9, 9,13,13,13,13,18, 5, 5, 5,17,11,11,11,12, 5, 5, 5, 5, 5, 5, 5, 8,13,13,13,13,13,13,13,15,15,15,15,15,15,12, 5, 5, 5, 5, 5, 5, 5, 5, 5, 5, 5, 5, 5, 5,17,13,13,13,13,13,13,13, 9, 9, 9, 9,10, 5, 5, 5, 5, 5, 5, 8,15,15,15,15,15,15,15,15,15,15,15,15,13,13,13,13,13,13,13,12, 7, 5, 5, 5, 5, 5, 5, 5, 5, 5, 5, 5, 5, 5, 5, 5, 5, 5, 5, 5, 5, 5, 5, 5, 5, 5, 5, 6, 0, 0, 0, 0, 0, 0, 0, 0
 0, 0, 0, 0, 0, 0, 0, 0, 4, 5, 5, 5, 5, 5, 5, 5, 5, 5, 5, 5, 5, 5, 5, 5, 5, 5,17,11,11,11,11,11,11,11,11,11,11,11,11,12, 5, 5, 5, 5,19,20,13,13,13,13,13,18,19, 5, 5, 5, 5, 5,20,11,11,11,10, 5, 5, 5, 5, 5, 8,13,13,13,13,13,13,13,13,13,13,13,15,15,15,15,12, 5, 5, 5, 5, 5, 5, 5, 5, 5, 5, 5, 5, 5,17,13,13,13,13,13,13,13,21,21,18,19, 5, 5, 5, 5, 5, 7, 8,15,15,15,15,15,15,15,15,15,15,15,15,13,13,13,13,13,13,13,13,13,13,12, 5, 5, 5, 5, 5, 5, 5, 5, 5, 5, 5, 5, 5, 5, 5, 5, 5, 5, 5, 5, 5, 5, 5, 5, 5, 6, 0, 0, 0, 0, 0, 0, 0, 0
 0, 0, 0, 0, 0, 0, 0, 0, 4, 5, 5, 5, 5, 5, 5, 5, 5, 5, 5, 5, 5, 5, 5, 5, 5, 5,17,11,11,11,11,11,22,15,15,15,15,15,15,15,12, 5, 5, 5, 5, 5,19,19,19,19,19, 5, 5, 5, 5, 5, 5, 5, 5,19,19,19, 5, 5, 5, 5, 5, 8,13,13,13,13,13,13,13,13,13,13,13,13,15,15,15,15,15,10, 5, 5, 5, 5, 5, 5, 5, 5, 5, 7, 7, 7, 5,19,19,20,13,13,13,21,21,21,10, 5, 5, 5, 5, 5, 8,15,15,15,15,15,15,15,15,15,15,15,15,13,13,13,13,13,13,13,13,13,13,13,13,13,12, 5, 5, 5, 5, 5, 5, 5, 5, 5, 5, 5, 5, 5, 5, 5, 5, 5, 5, 5, 5, 5, 5, 5, 5, 6, 0, 0, 0, 0, 0, 0, 0, 0
 0, 0, 0, 0, 0, 0, 0, 0, 4, 5, 5, 5, 5, 5, 5, 5, 5, 5, 5, 5, 5, 5, 5, 5, 5, 5,17,11,11,11,11,11,15,15,15,15,15,15,15,15,15,12, 5, 5, 5, 5, 5, 5, 5, 5, 7, 7, 7, 7, 7, 7, 5, 5, 5, 5, 5, 5, 5, 5, 5, 5, 8,13,13,13,13,13,13,18,19,20,13,13,13,13,13,15,15,15,15,10, 5, 5, 5, 5, 5, 5, 5, 5, 8,13,13,13,12, 7, 5, 5,20,13,21,21,21,18, 5, 5, 5, 5, 5, 8,15,15,15,15,15,15,15,15,15,15,15,13,13,13,13,13,13,13,13,13,13,13,13,13,13,13,13,12, 5, 5, 5, 5, 5, 5, 5, 5, 5, 5, 5, 5, 5, 5, 5, 5, 5, 5, 5, 5, 5, 5, 5, 6, 0, 0, 0, 0, 0, 0, 0, 0
 0, 0, 0, 0, 0, 0, 0, 0, 4, 5, 5, 5, 5, 5, 5, 5, 5, 5, 5, 5, 5, 5, 5, 5, 5, 5, 5,20,11,11,15,15,15,15,15,15,15,15,15,15,15,15,12, 7, 5, 5, 5, 5, 7, 8,13,13,13,13,13,13,12, 7, 5, 5, 5, 5, 5, 5, 7, 8,13,13,13,13,13,13,18, 5, 5, 5,20,13,13,13,15,15,15,15,18, 5, 5, 5, 5, 5, 5, 5, 5,17,21,21,21,13,13,13,10, 5, 5,19,19,19,19, 5, 5, 5, 5, 5,17,15,15,15,15,15,15,15,15,15,15,15,13,13,13,13,13,13,13,13,13,13,13,13,13,13,13,13,13,13,12, 5, 5, 5, 5, 5, 5, 5, 5, 5, 5, 5, 5, 5, 5, 5, 5, 5, 5, 5, 5, 5, 5, 6, 0, 0, 0, 0, 0, 0, 0, 0
 0, 0, 0, 0, 0, 0, 0, 0, 4, 5, 5, 5, 5, 5, 5, 5, 5, 5, 5, 5, 5, 5, 5, 5, 5, 5, 5, 8,15,15,15,15,15,21,21,21,21,21,21,21,21,21,21,21,12, 7, 7, 8,13,13,13,13,13,13,13,13,13,13,12, 7, 7, 7, 7, 8,13,13,13,13,13,13,13,13,12, 5, 5, 5, 8,15,15,15,15,15,15,15,10, 5, 5, 5, 5, 5, 5, 5, 5, 8,21,13,13,13,13,13,10, 5, 5, 5, 5, 5, 5, 5, 5, 5, 5, 5, 5,20,15,15,15,15,15,15,15,15,15,13,13,13,13,13,13,21,21,21,21,21,13,13,13,13,13,13,13,13,13,10, 5, 5, 5, 5, 5, 5, 5, 5, 5, 5, 5, 5, 5, 5, 5, 5, 5, 5, 5, 5, 5, 6, 0, 0, 0, 0, 0, 0, 0, 0
 0, 0, 0, 0, 0, 0, 0, 0, 4, 5, 5, 5, 5, 5, 5, 5, 5, 5, 5, 5, 5, 5, 5, 5, 5, 5,17,15,15,15,15,21,21,21,21,21,21,21,21,21,21,21,21,21,21,21,21,13,13,13,13,13,13,13,13,13,13,13,13,13,13,13,13,13,13,13,13,13,13,13,13,13,13,12, 7, 8,15,15,15,15,15,15,15,18, 5, 5, 5, 5, 5, 5, 5, 5,17,21,21,21,13,13,13,13,10, 5, 5, 5, 5, 5, 5, 5, 5, 5, 5, 5, 5, 8,15,15,15,15,15,15,15,13,13,13,13,13,13,21,21,21,13,13,13,21,21,21,13,13,13,13,13,13,13,10, 5, 5, 5, 5, 5, 5, 5, 5, 5, 5, 5, 5, 5, 5, 5, 5, 5, 5, 5, 5, 5, 6, 0, 0, 0, 0, 0, 0, 0, 0
 0, 0, 0, 0, 0, 0, 0, 0, 4, 5, 5, 5, 5, 5, 5, 5, 5, 5, 5, 5, 5, 5, 5, 5, 5, 5,17,15,15,15,15,21,21,21,21,13,13,13,13,13,13,21,21,21,21,21,21,13,13,13,13,13,13,23,23,23,23,13,13,13,13,13,13,13,13,13,13,13,13,13,13,13,13,13,15,15,15,15,15,15,15,15,18, 5, 5, 5, 5, 5, 5, 5, 5, 5, 5,20,21,21,21,13,13,13,12, 5, 5, 5, 5, 7, 7, 5, 5, 5, 5, 5,17,15,15,15,15,15,15,15,15,13,13,13,13,13,21,21,13,13,13,13,13,13,21,21,13,13,13,13,13,13,13,12, 5, 5, 5, 5, 5, 5, 5, 5, 5, 5, 5, 5, 5, 5, 5, 5, 5, 5, 5, 5, 5, 6, 0, 0, 0, 0, 0, 0, 0, 0
 0, 0, 0, 0, 0, 0, 0, 0, 4, 5, 5, 5, 5, 5, 5, 5, 5, 5, 5, 5, 5, 5, 5, 5, 5, 5, 5,20, 9, 9, 9, 9,13,13,13,13,13,13,13,13,13,13,13,13,21,21,21,13,13,13,13,13,23,23,23,23,23,23,13,13,13,13,13,13,13,13,13,13,13,13,13,13,13,13,13,15,15,15,15,15,15,18, 5, 5, 5, 5, 5, 5, 5, 5, 5, 5, 5,17,21,21,21,13,13,13,13,10, 5, 7, 8,13,13,12, 5, 5, 5, 5, 5,20,15,15,15,15,15,15,15,13,13,13,13,13,13,13,13,13,13,24,13,13,13,21,21,13,13,13,13,13,13,13,10, 5, 5, 5, 5, 5, 5, 5, 5, 5, 5, 5, 5, 5, 5, 5, 5, 5, 5, 5, 5, 6, 0, 0, 0, 0, 0, 0, 0, 0
 0, 0, 0, 0, 0, 0, 0, 0, 4, 5, 5, 5, 5, 5, 5, 5, 5, 5, 5, 5, 5, 5, 5, 5, 5, 5, 5, 5,20, 9, 9, 9, 9,13,13,13,13,13,13,13,13,13,13,13,13,21,21,21,13,13,13,23,23,23,23,23,23,23,23,13,13,13,13,13,13,13,13,13,13,13,13,13,13,13,13,13,13,15,15,15,15,12, 5, 5, 5, 5, 5, 5, 5, 5, 7, 7, 7, 7,20,21,21,21,13,13,13,10,17,13,13,13,13,13,12, 5, 5, 5, 5, 5,20,15,15,15,15,15,15,15,13,13,13,13,13,13,13,13,13,13,13,13,13,13,13,13,13,13,13,13,13,13,10, 5, 5, 5, 5, 5, 5, 5, 5, 5, 5, 5, 5, 5, 5, 5, 5, 5, 5, 5, 5, 6, 0, 0, 0, 0, 0, 0, 0, 0
 0, 0, 0, 0, 0, 0, 0, 0, 4, 5, 5, 5, 5, 5, 5, 5, 5, 5, 5, 5, 5, 5, 5, 5, 5, 5, 5, 5, 5,20, 9, 9, 9, 9, 9,13,13,13,13,13,13,13,13,13,13,21,21,21,21,13,13,23,23,23,23,25,23,23,23,13,13,13,13,13,13,13,13,13,13,13,13,13,13,13,13,13,13,15,15,15,15,15,12, 5, 5, 5, 5, 5, 5, 8,13,13,13,13,12,20,21,21,13,13,18, 5, 8,13,13,13,13,13,13,10, 5, 5, 5, 5,17,15,15,15,15,15,15,15,15,13,13,13,13,13,13,13,13,13,13,13,13,13,13,13,13,13,13,13,13,18, 5, 5, 5, 5, 5, 5, 5, 5, 5, 5, 5, 5, 5, 5, 5, 5, 5, 5, 5, 5, 5, 6, 0, 0, 0, 0, 0, 0, 0, 0
 0, 0, 0, 0, 0, 0, 0, 0, 4, 5, 5, 5, 5, 5, 5, 5, 5, 5, 5, 5, 5, 5, 5, 5, 5, 5, 5, 5, 5, 5,20, 9, 9, 9, 9, 9, 9, 9, 9,13,13,13,13,13,13,13,21,21,21,21,13,13,23,23,23,23,23,23,23,13,13,13,13,13,13,13,13,13,13,13,13,13,13,13,13,13,13,13,15,15,15,15,15,12, 5, 5, 5, 5,17,13,13,13,13,13,13,10,20,21,21,18, 5,17,13,13,13,13,13,13,13,10, 5, 5, 5, 5,17,15,15,15,15,15,15,15,15,15,15,13,13,13,13,13,13,13,13,13,13,13,13,13,13,13,13,13,13,10, 5, 5, 5, 5, 5, 5, 5, 5, 5, 5, 5, 5, 5, 5, 5, 5, 5, 5, 5, 5, 5, 6, 0, 0, 0, 0, 0, 0, 0, 0
 0, 0, 0, 0, 0, 0, 0, 0, 4, 5, 5, 5, 5, 5, 5, 5, 5, 5, 5, 5, 5, 5, 5, 5, 5, 5, 5, 5, 5, 5, 5,20, 9, 9, 9, 9, 9, 9, 9, 9, 9,13,13,13,13,13,13,21,21,21,21,13,13,13,23,23,23,23,13,13,13,13,13,13,13,13, 9, 9, 9,13,13,13,13,13,13,13,13,13,15,15,15,15, 9, 9,10, 5, 5, 5,17,13,13,13,13,13,13,10, 5,19,19, 5, 5, 8,13,13,13,13,13,13,18, 5, 5, 5, 5, 5, 5,20,15,15,15,15,15,15,15, 9, 9, 9, 9,13,13,13,13,13,13,13,13,13,13,13,13,13,13,13,18, 5, 5, 5, 5, 5, 5, 5, 5, 5, 5, 5, 5, 5, 5, 5, 5, 5, 5, 5, 5, 5, 5, 6, 0, 0, 0, 0, 0, 0, 0, 0
 0, 0, 0, 0, 0, 0, 0, 0, 4, 5, 5, 5, 5, 5, 5, 5, 5, 5, 5, 5, 5, 5, 5, 5, 5, 5, 5, 5, 5, 5, 5, 8, 9, 9, 9, 9, 9, 9, 9, 9, 9, 9,13,13,13,13,13,13,13,21,21,21,13,13,13,13,13,13,13,13,13,13,13,13,13, 9, 9, 9, 9, 9,13,13,13,13,13,13,13,13,13,15,15, 9, 9, 9,10, 5, 5, 5, 5,20,13,13,13,18,19, 5, 5, 5, 5, 5,17,21,21,21,21,13,13,13,10, 5, 5, 5, 5, 5, 5, 5,20,15,15,15,15,15, 9, 9, 9, 9, 9, 9,13,13,13,13,13,13,13,13,13,13,13,13,13,13,10, 5, 5, 5, 5, 5, 5, 5, 5, 5, 5, 5, 5, 5, 5, 5, 5, 5, 5, 5, 5, 5, 5, 6, 0, 0, 0, 0, 0, 0, 0, 0
 0, 0, 0, 0, 0, 0, 0, 0, 4, 5, 5, 5, 5, 5, 5, 5, 5, 5, 5, 5, 5, 5, 5, 5, 5, 5, 5, 5, 5, 5, 8,13,13,13,13, 9, 9, 9, 9, 9, 9, 9,13,13,13,13,13,13,13,13,13,13,13,13,13,13,13,13,13,13,13,13,13,13,13, 9, 9, 9, 9, 9,13,13,13,13,13,13,13,13,13,13, 9, 9, 9, 9,12, 5, 5, 5, 5, 5,19,19,19, 5, 5, 5, 5, 5, 5, 5, 5,20,21,21,21,21,21,18, 5, 7, 7, 7, 5, 5, 5, 5, 5,20, 9, 9, 9, 9, 9, 9, 9, 9, 9, 9,13,13,13,13,13,13,13,13,13,13,13,13,18,19, 5, 5, 5, 5, 5, 5, 5, 5, 5, 5, 5, 5, 5, 5, 5, 5, 5, 5, 5, 5, 5, 5, 5, 6, 0, 0, 0, 0, 0, 0, 0, 0
 0, 0, 0, 0, 0, 0, 0, 0, 4, 5, 5, 5, 5, 5, 5, 5, 5, 5, 5, 5, 5, 5, 5, 5, 5, 5, 5, 5, 5, 8,13,13,13,13,13,13, 9, 9, 9, 9, 9, 9, 9,13,13,13,13,13,13,13,13,13,13,13,13,13,13,13,13,13,13,13,13,13,13,13, 9, 9, 9, 9,13,13,13,13,13,13,13,13,13, 9, 9, 9, 9, 9, 9,12, 5, 5, 5, 5, 5, 5, 5, 5, 5, 5, 5, 5, 5, 5, 5, 5,19,20,21,21,18, 5,17,13,13,13,12, 5, 5, 5, 5,17, 9, 9, 9, 9, 9, 9, 9, 9, 9, 9, 9,13,13,13,13,13,13,21,21,21,21,21,12, 5, 5, 5, 5, 5, 5, 5, 5, 5, 5, 5, 5, 5, 5, 5, 5, 5, 5, 5, 5, 5, 5, 5, 5, 6, 0, 0, 0, 0, 0, 0, 0, 0
 0, 0, 0, 0, 0, 0, 0, 0, 4, 5, 5, 5, 5, 5, 5, 5, 5, 5, 5, 5, 5, 5, 5, 5, 5, 5, 5, 5,17,13,13,13,13,13,13,13,13,13, 9, 9, 9, 9, 9, 9, 9, 9, 9,13,13,13,13,13,13,13,13,13,13,13,13,13,13,13,13,13,13,13, 9, 9, 9, 9, 9,13,13,13,13,13,13,13, 9, 9, 9, 9, 9, 9, 9, 9,12, 5, 5, 5, 5, 5, 5, 5, 5, 7, 7, 7, 7,26, 5, 5, 5, 5,19,19, 5, 5,17,13,13,13,13,10, 5, 5, 5,17, 9, 9, 9, 9, 9, 9, 9, 9, 9, 9, 9,13,13,21,21,21,21,21,21,21,21,21,21,12, 5, 5, 5, 5, 5, 5, 5, 5, 5, 5, 5, 5, 5, 5, 5, 5, 5, 5, 5, 5, 5, 5, 5, 6, 0, 0, 0, 0, 0, 0, 0, 0
 0, 0, 0, 0, 0, 0, 0, 0, 4, 5, 5, 5, 5, 5, 5, 5, 5, 5, 5, 5, 5, 5, 5, 5, 5, 5, 5, 5, 8,13,13,13,13,13,13,13,13,13, 9, 9, 9, 9, 9, 9, 9, 9, 9, 9, 9,13,13,13,13,13,13,13,13,13,13,13,13,13,13,13,13, 9, 9, 9, 9, 9, 9, 9, 9,13,13,13,13, 9, 9, 9, 9, 9, 9, 9, 9, 9, 9,10, 5, 5, 5, 5, 5, 5, 8,13,13,13,13,13,12, 5, 5, 5, 5, 5, 5, 5, 5,27,13,13,13,10, 5, 5, 5, 5,20, 9, 9, 9, 9, 9, 9, 9, 9, 9,21,21,21,21,21,21,21,23,23,23,23,23,23,23,12, 7, 5, 5, 5, 5, 5, 5, 5, 5, 5, 5, 5, 5, 5, 5, 5, 5, 5, 5, 5, 5, 5, 6, 0, 0, 0, 0, 0, 0, 0, 0
 0, 0, 0, 0, 0, 0, 0, 0, 4, 5, 5, 5, 5, 5, 5, 5, 5, 5, 5, 5, 5, 5, 5, 5, 5, 5, 5, 8,13,13,13,13,13,13,13,13,13,13,13, 9, 9, 9, 9, 9, 9, 9, 9, 9, 9, 9, 9, 9, 9,13,13,13,13,13,13,13,13,13,13,13, 9, 9, 9, 9, 9, 9, 9, 9, 9, 9, 9, 9, 9, 9, 9, 9, 9, 9, 9, 9, 9, 9, 9,12, 5, 5, 5, 5, 5, 8,15,15,15,13,13,13,13,12, 5, 5, 5, 5, 5, 5,17,21,21,21,21,10, 5, 5, 5, 5, 5,20, 9, 9, 9, 9, 9, 9, 9,21,21,21,21,21,21,23,23,23,23,23,23,23,23,23,23,23,12, 5, 5, 5, 5, 5, 5, 5, 5, 5, 5, 5, 5, 5, 5, 5, 5, 5, 5, 5, 5, 6, 0, 0, 0, 0, 0, 0, 0, 0
 0, 0, 0, 0, 0, 0, 0, 0, 4, 5, 5, 5, 5, 5, 5, 5, 5, 5, 5, 5, 5, 5, 5, 5, 5, 5,17,13,13,13,13,13,13,13,13,13,13,13,13, 9, 9, 9, 9, 9, 9, 9, 9, 9, 9, 9, 9, 9, 9, 9,13,13,13,13,13,13,13,13,13, 9, 9, 9, 9, 9, 9, 9, 9, 9, 9, 9, 9, 9, 9, 9, 9, 9, 9, 9, 9, 9, 9, 9, 9, 9,10, 5, 5, 5, 8,15,15,15,15,15,13,13,13,13,12, 5, 5, 5, 5, 5, 5,20,21,21,18, 5, 5, 5, 5, 5, 5,17, 9, 9, 9, 9, 9, 9,21,21,21,21,21,21,23,23,23,23,23,23,23,23,23,23,23,23,23,12, 5, 5, 5, 5, 5, 5, 5, 5, 5, 5, 5, 5, 5, 5, 5, 5, 5, 5, 5, 6, 0, 0, 0, 0, 0, 0, 0, 0
 0, 0, 0, 0, 0, 0, 0, 0, 4, 5, 5, 5, 5, 5, 5, 5, 5, 5, 5, 5, 5, 5, 5, 5, 5, 5,17,13,13,13,13,13,13,13,13,13,13,13,13,13, 9, 9, 9, 9, 9, 9, 9, 9, 9, 9, 9, 9,15,15,15,15,13,13,13,13,13,13,13, 9, 9, 9, 9, 9, 9, 9, 9, 9, 9, 9, 9, 9, 9, 9, 9, 9, 9, 9, 9, 9, 9, 9, 9, 9,10, 5, 5, 8,15,15,15,15,15,15,15,13,13,13,13,12, 5, 5, 5, 5, 5, 5,19,19, 5, 5, 7, 7, 7, 5, 5, 5,20, 9, 9, 9, 9, 9,21,21,21,21,21,23,23,23,23,23,23,23,23,23,23,23,23,23,23,23,12, 5, 5, 5, 5, 5, 5, 5, 5, 5, 5, 5, 5, 5, 5, 5, 5, 5, 5, 6, 0, 0, 0, 0, 0, 0, 0, 0
 0, 0, 0, 0, 0, 0, 0, 0, 4, 5, 5, 5, 5, 5, 5, 5, 5, 5, 5, 5, 5, 5, 5, 5, 5, 5,17,13,13,13,13,13,13,13,13,13,13,13,13,13,13, 9, 9, 9, 9, 9, 9, 9,18,19,20,15,15,15,15,15,15,15,13,13,13,13, 9, 9, 9, 9, 9, 9, 9, 9, 9, 9, 9, 9, 9, 9, 9,13,13,13,13, 9, 9, 9, 9, 9, 9, 9,12, 5,17,15,15,15,15,15,15,15,15,15,13,13,13,13,12, 5, 5, 5, 5, 5, 5, 5, 5, 8,15,15,15,12, 5, 5,17, 9, 9, 9, 9, 9, 9,21,21,21,23,23,23,23,23,23,23,23,23,13,13,13,23,23,23,23,23,10, 5, 5, 5, 5, 5, 5, 5, 5, 5, 5, 5, 5, 5, 5, 5, 5, 5, 6, 0, 0, 0, 0, 0, 0, 0, 0
 0, 0, 0, 0, 0, 0, 0, 0, 4, 5, 5, 5, 5, 5, 5, 5, 5, 5, 5, 5, 5, 5, 5, 5, 5, 5,17,13,13,13,13,13,13,13,13,13,13,13,13,13,13,13, 9, 9, 9, 9,18,19, 5, 5, 5,19,19,19,19,20,15,15,15,13,13,13,13, 9, 9, 9, 9, 9, 9, 9, 9, 9, 9,13,13,13,13,13,13,13,13,13, 9, 9, 9, 9, 9, 9, 9,12,17,15,15,15,15,15,15,15,15,15,13,13,13,13,13,12, 5, 5, 5, 5, 5, 5,17,15,15,15,15,15,12, 5, 5,20, 9, 9, 9, 9, 9, 9, 9, 9,23,23,23,23,23,23,23,23,13,13,13,13,13,23,23,23,23,10, 5, 5, 5, 5, 5, 5, 5, 5, 5, 5, 5, 5, 5, 5, 5, 5, 5, 6, 0, 0, 0, 0, 0, 0, 0, 0
 0, 0, 0, 0, 0, 0, 0, 0, 4, 5, 5, 5, 5, 5, 5, 5, 5, 5, 5, 5, 5, 5, 5, 5, 5, 5,17,13,13,13,13,13,13,13,13,13,13,13,13,13,13,13,13, 9, 9,18, 5, 5, 5, 5, 5, 5, 5, 5, 7, 8,15,15,15,13,13,13,13, 9, 9, 9, 9, 9, 9, 9, 9,13,13,13,13,13,13,13,13,13,13,15,15,15, 9, 9, 9, 9, 9, 9,12,20,15,15,15,15,15,15,15,15,13,13,13,13,13,13,10, 5, 5, 5, 5, 5,17,15,15,15,15,15,15,12, 5, 5,20, 9, 9, 9, 9, 9, 9, 9,23,23,23,23,23,23,23,23,13,13,13,13,13,23,23,23,23,10, 5, 5, 5, 5, 5, 5, 5, 5, 5, 5, 5, 5, 5, 5, 5, 5, 5, 6, 0, 0, 0, 0, 0, 0, 0, 0
 0, 0, 0, 0, 0, 0, 0, 0, 4, 5, 5, 5, 5, 5, 5, 5, 5, 5, 5, 5, 5, 5, 5, 5, 5, 5,17,13,13,13,13,13,13,13,13,13,13,13,13,13,13,13,13,13,19, 5, 5, 5, 5, 5, 5, 5, 5, 8,15,15,15,15,13,13,13,13, 9, 9, 9, 9, 9, 9, 9, 9,13,13,13,13,13,13,13,13,13,13,15,15,15,15,15,15, 9, 9, 9, 9, 9,12,19,20,15,15,15,15,15,13,13,13,13,13,13,13,12, 7, 7, 5, 5, 5, 5,20,11,11,11,11,11,11,10, 5, 5,20, 9, 9, 9, 9, 9, 9,23,23,23,23,23,23,23,23,23,13,13,13,23,23,23,23,23,10, 5, 5, 5, 5, 5, 5, 5, 5, 5, 5, 5, 5, 5, 5, 5, 5, 5, 6, 0, 0, 0, 0, 0, 0, 0, 0
 0, 0, 0, 0, 0, 0, 0, 0, 4, 5, 5, 5, 5, 5, 5, 5, 5, 5, 5, 5, 5, 5, 5, 5, 5, 5, 5,19,20,13,13,13,13,13,13,13,13,13,13,13,13,13,13,13,10, 5, 5, 5, 5, 5, 5, 5, 8,21,21,21,13,13,13,13,13,13, 9, 9, 9, 9, 9, 9, 9,13,13,13,13,13,13,13,13,13,13,15,15,15,15,15,15,15,15, 9, 9, 9, 9, 9,12, 7,28,19,20,13,13,13,13,13,13,13,13,13,13,13,13,12, 7, 5, 5, 5,19,20,11,11,11,18, 5, 5, 5, 8, 9, 9, 9, 9, 9, 9, 9,23,23,23,23,23,23,23,23,23,23,23,23,23,23,23,18, 5, 5, 5, 5, 5, 5, 5, 5, 5, 5, 5, 5, 5, 5, 5, 5, 5, 5, 6, 0, 0, 0, 0, 0, 0, 0, 0
 0, 0, 0, 0, 0, 0, 0, 0, 4, 5, 5, 5, 5, 5, 5, 5, 5, 5, 5, 5, 5, 5, 5, 5, 5, 5, 5, 5, 5,20,13,13,13,13,13,13,13,13,13,13,13,13,13,18, 5, 5, 5, 5, 7, 7, 7, 8,21,21,21,21,21,21,21,13,13, 9, 9, 9, 9, 9, 9,13,13,13,13,13,13,13,13,13,13,13,13,15,15,15,15,15,15,15,15,15, 9, 9, 9, 9, 9, 9, 9,12, 5,19,19,20,13,13,13,13,13,13,13,13, 9, 9, 9,12, 5, 5, 5, 5,19,19,19,29, 5,29, 8, 9, 9, 9, 9, 9, 9, 9, 9, 9,23,23,23,23,23,23,23,23,23,23,23,23,23,18, 5, 5, 5, 5, 5, 5, 5, 5, 5, 5, 5, 5, 5, 5, 5, 5, 5, 5, 5, 6, 0, 0, 0, 0, 0, 0, 0, 0
 0, 0, 0, 0, 0, 0, 0, 0, 4, 5, 5, 5, 5, 5, 5, 5, 5, 5, 5, 5, 5, 5, 5, 5, 5, 5, 5, 5, 5, 5,19,28,28,28,20,13,13,13,13,13,13,13,18, 5, 5, 5, 7, 8,21,21,21,21,21,21,21,21,21,21,21,21,21, 9, 9, 9, 9, 9, 9,13,13,13,13,13,13,13,13,13,13,13,13,13,15,15,15,15,15,15,15,15, 9, 9, 9, 9,21,21,21,21,10, 5, 5, 5,20,13,13,13,13,13,13,13, 9, 9, 9, 9,12, 7, 7, 5,29, 5,29, 5,29, 8, 9, 9, 9, 9, 9, 9, 9, 9, 9, 9, 9,23,23,23,23,23,23,23,23,23,23,18,19, 5, 5, 5, 5, 5, 5, 5, 5, 5, 5, 5, 5, 5, 5, 5, 5, 5, 5, 5, 5, 6, 0, 0, 0, 0, 0, 0, 0, 0
 0, 0, 0, 0, 0, 0, 0, 0, 4, 5, 5, 5, 5, 5, 5, 5, 5, 5, 5, 5, 5, 5, 5, 5, 5, 5, 5, 5, 5, 5, 8,15,15,15,12,28,20,13,13,13,13,18, 7, 7, 7, 8,21,21,21,21,21,21,21,21,21,21,21,21,21,21,21, 9, 9, 9, 9, 9,13,13,13,13,13,13,13,13,13,21,21,21,21,21,21,15,15,15,15,15,15, 9, 9, 9,21,21,21,21,21,18, 5, 5, 5, 5, 5,20,13,13,13,13,13,13,13, 9, 9, 9, 9, 9, 9,29, 5,29, 5, 5,17, 9, 9, 9, 9, 9, 9, 9, 9, 9, 9, 9, 9, 9, 9,23,23,23,23,23,23,23,18, 5, 5, 5, 5, 5, 5, 5, 5, 5, 5, 5, 5, 5, 5, 5, 5, 5, 5, 5, 5, 5, 5, 6, 0, 0, 0, 0, 0, 0, 0, 0
 0, 0, 0, 0, 0, 0, 0, 0, 4, 5, 5, 5, 5, 5, 5, 5, 5, 5, 5, 5, 5, 5, 5, 5, 5, 5, 5, 5, 5, 8,15,15,15,15,15,15,30,13,13,18,19, 8,21,21,21,21,21,21,21,21,21,21,21,21,21,21,21,21,21, 9, 9, 9, 9, 9, 9,13,13,13,13,13,13,13,21,21,21,21,21,21,21,21,21,21,15,15,15,15,15,15,21,21,21,21,21,21,18, 5, 5, 5, 5, 5, 5, 5,20,13,13,13,13,13,13, 9, 9, 9, 9, 9, 9, 9,10, 5, 5, 5, 5,19,20, 9, 9, 9, 9, 9, 9, 9, 9, 9, 9, 9, 9,15,15,15,15,15,15,15,12, 5, 5, 5, 5, 5, 5, 5, 5, 5, 5, 5, 5, 5, 5, 5, 5, 5, 5, 5, 5, 5, 5, 6, 0, 0, 0, 0, 0, 0, 0, 0
 0, 0, 0, 0, 0, 0, 0, 0, 4, 5, 5, 5, 5, 5, 5, 5, 5, 5, 5, 5, 5, 5, 5, 5, 5, 5, 5, 5,17,15,15,15,15,15,15,15,12,28,28, 7, 8,21,21,21,21,21,21,21,21,21,21,21,21,21,21,21,21, 9, 9, 9, 9, 9, 9, 9, 9, 9,13,13,13,21,21,21,21,21,21,21,21,21,21,21,21,21,21,15,15,15,15,15,21,21,21,21,21,21,12, 7, 5, 5, 5, 5, 5, 5, 8,13,13,13,13,13, 9, 9, 9, 9, 9, 9, 9, 9,10, 5, 5, 5, 5, 5, 8, 9, 9, 9, 9, 9, 9, 9, 9, 9, 9,15,15,15,15,15,15,15,15,15,15,12, 5, 5, 5, 5, 5, 5, 5, 5, 5, 5, 5, 5, 5, 5, 5, 5, 5, 5, 5, 5, 5, 6, 0, 0, 0, 0, 0, 0, 0, 0
 0, 0, 0, 0, 0, 0, 0, 0, 4, 5, 5, 5, 5, 5, 5, 5, 5, 5, 5, 5, 5, 5, 5, 5, 5, 5, 5, 5,17,15,15,15,15,15,15,15,15,15,15,15,15,15,15,15,15,15,15,15,21,21,21,21,21,21, 9, 9, 9, 9, 9, 9, 9, 9, 9, 9, 9, 9, 9,21,21,21,21,21,21,21,21,21,21,21,21,21,21,21,21,21,13,13,13,21,21,21,21,21,21,21,21,21,12, 5, 5, 5, 7, 8,13,13,13,13,13,13,13, 9, 9, 9, 9, 9, 9, 9,10, 5, 5, 5, 5, 8, 9, 9, 9, 9, 9, 9, 9, 9, 9, 9,15,15,15,15,15,15,15,15,15,15,15,15,12, 5, 5, 5, 5, 5, 5, 5, 5, 5, 5, 5, 5, 5, 5, 5, 5, 5, 5, 5, 5, 6, 0, 0, 0, 0, 0, 0, 0, 0
 0, 0, 0, 0, 0, 0, 0, 0, 4, 5, 5, 5, 5, 5, 5, 5, 5, 5, 5, 5, 5, 5, 5, 5, 5, 5, 5, 5,17,15,15,15,15,15,15,15,15,15,15,15,15,15,15,15,15,15,15,15,15,15,21,21,21, 9, 9, 9, 9, 9, 9, 9, 9, 9, 9, 9, 9, 9,21,21,21,21,15,15,15,15,15,21,21,21,21,21,21,21,21,13,13,13,13,13,13,13,13,13,13,21,21,21,21,12, 7, 8,13,13,13,13,13,13,13,13,13,13, 9, 9, 9, 9, 9, 9,10, 5, 5, 5, 8, 9, 9, 9, 9, 9, 9, 9, 9, 9, 9,15,15,15,15,15,15,15,15,15,15,15,15,15,15,12, 5, 5, 5, 5, 5, 5, 5, 5, 5, 5, 5, 5, 5, 5, 5, 5, 5, 5, 5, 6, 0, 0, 0, 0, 0, 0, 0, 0
 0, 0, 0, 0, 0, 0, 0, 0, 4, 5, 5, 5, 5, 5, 5, 5, 5, 5, 5, 5, 5, 5, 5, 5, 5, 5, 5, 5, 5,20,15,15,15,15,15,15,15,15,15,15,15,15,15,15,15,15,15,15,15,15,15, 9, 9, 9, 9, 9, 9, 9, 9, 9, 9, 9, 9, 9, 9, 9, 9,15,15,15,15,15,15,15,15,15,15,15,15,21,21,21,21,21,13,13,13,13,13,23,23,23,23,23,21,21,21,21,21,21,21,13,13,13,13,13,13,13,13, 9, 9, 9, 9, 9, 9, 9,10, 5, 5, 8, 9, 9, 9, 9, 9, 9, 9, 9, 9, 9,15,15,15,15,15,15,15,15,15,15,15,15,15,15,15,15,10, 5, 5, 5, 5, 5, 5, 5, 5, 5, 5, 5, 5, 5, 5, 5, 5, 5, 5, 6, 0, 0, 0, 0, 0, 0, 0, 0
 0, 0, 0, 0, 0, 0, 0, 0, 4, 5, 5, 5, 5, 5, 5, 5, 5, 5, 5, 5, 5, 5, 5, 5, 5, 5, 5, 5, 5, 5,20,15,15,15,15,15,13,13,13,13,13,15,15,15,15,15,15,15,15,15,15,18,19,20, 9, 9, 9, 9, 9, 9, 9, 9, 9, 9, 9, 9,13,13,13,13,13,13,13,15,15,15,15,15,15,15,15,21,21,21,21,13,13,23,23,23,23,23,23,23,23,23,21,21,21,21,21,21,13,13,13,13,13,13, 9, 9, 9, 9, 9, 9, 9,18, 5, 5, 8, 9, 9, 9, 9, 9,21,21,21,21,15,15,15,15,15,15,15,15,15,15,15,15,15,15,15,15,15,15,10, 5, 5, 5, 5, 5, 5, 5, 5, 5, 5, 5, 5, 5, 5, 5, 5, 5, 5, 6, 0, 0, 0, 0, 0, 0, 0, 0
 0, 0, 0, 0, 0, 0, 0, 0, 4, 5, 5, 5, 5, 5, 5, 5, 5, 5, 5, 5, 5, 5, 5, 5, 5, 5, 5, 5, 7, 7, 8,13,13,13,13,13,13, 9, 9, 9, 9, 9, 9,15,15,15,15,15,15,15,18, 5, 5, 5,20, 9, 9, 9, 9, 9, 9, 9, 9, 9, 9,13,13,13,13,13,13,13,13,13,13,13,15,15,15,15,15,15,21,21,21,21,23,23,23,23,23,23,23,23,23,13,13,13,13,13,13,13,13,13,13,13,13, 9, 9, 9, 9, 9, 9, 9,18, 5, 5,17, 9, 9, 9,13,13,21,21,21,21,21,21,15,15,15,15,15,15,15,15,15,15,15,15,15,15,15,15,15,10, 5, 5, 5, 5, 5, 5, 5, 5, 5, 5, 5, 5, 5, 5, 5, 5, 5, 5, 6, 0, 0, 0, 0, 0, 0, 0, 0
 0, 0, 0, 0, 0, 0, 0, 0, 4, 5, 5, 5, 5, 5, 5, 5, 5, 5, 5, 5, 5, 5, 5, 5, 5, 5, 5, 8,13,13,13,13,13,13,13, 9, 9, 9, 9, 9, 9, 9, 9, 9,15,15,15,15,15,18, 5, 5, 5, 5,17, 9, 9, 9, 9, 9, 9, 9, 9,13,13,13,13,13,13,13,13,13,13,13,13,13,13,15,15,15,15,15,15,15,15,18,19,19,20,23,23,23,23,23,23,13,13,13,13,13,13,13,13,13,13,13,13,13, 9, 9, 9, 9, 9,18, 5, 5, 5, 5,20,13,13,13,13,21,21,21,21,21,21,21,15,15,15,15,15,15,15,15,15,15,15,15,15,15,15,15,10, 5, 5, 5, 5, 5, 5, 5, 5, 5, 5, 5, 5, 5, 5, 5, 5, 5, 5, 6, 0, 0, 0, 0, 0, 0, 0, 0
 0, 0, 0, 0, 0, 0, 0, 0, 4, 5, 5, 5, 5, 5, 5, 5, 5, 5, 5, 5, 5, 5, 5, 5, 5, 5,17,13,13,13,13,13,13,13, 9, 9, 9, 9, 9, 9, 9, 9, 9,13,13,13,13,13,18, 5, 5, 7, 7, 5,17, 9, 9, 9, 9, 9, 9, 9,13,13,13,13,13,13,13,13,13,13,13,13, 9, 9, 9, 9, 9, 9,15,15,15,15,18, 5, 5, 5, 5,19,20,23,23,31,31,31,13,13,13,13,13,13,13,13,13,13,13, 9, 9, 9, 9,18,19, 5, 5, 5, 5, 5,17,13,13,13,13,13,21,21,21,21,21,21,21,15,15,15,15,15,15,15,15,15,15,15,15,15,15,18, 5, 5, 5, 5, 5, 5, 5, 5, 5, 5, 5, 5, 5, 5, 5, 5, 5, 5, 5, 6, 0, 0, 0, 0, 0, 0, 0, 0
 0, 0, 0, 0, 0, 0, 0, 0, 4, 5, 5, 5, 5, 5, 5, 5, 5, 5, 5, 5, 5, 5, 5, 5, 5, 5,17,13,13,13,13,13, 9, 9, 9, 9, 9, 9, 9, 9,13,13,13,13,13,13,13,13,10, 5,17,13,13,10, 5,20, 9, 9, 9, 9, 9,13,13,13,13,13,13,13,13, 9, 9, 9, 9, 9, 9, 9, 9, 9, 9, 9, 9,18,19,19, 5, 5, 5, 5, 5, 5, 5,20,31,31,31,31,31,13,13,13,13,13,13,13,13,13,18,19,19,19,19, 5, 5, 5, 5, 5, 5, 5, 5,20,13,13,13,13,13,13,21,21,21,21,21,15,15,15,15,15,15,15,15,15,15,15,15,15,18, 5, 5, 5, 5, 5, 5, 5, 5, 5, 5, 5, 5, 5, 5, 5, 5, 5, 5, 5, 5, 6, 0, 0, 0, 0, 0, 0, 0, 0
 0, 0, 0, 0, 0, 0, 0, 0, 4, 5, 5, 5, 5, 5, 5, 5, 5, 5, 5, 5, 5, 5, 5, 5, 5, 5,17,13,13,13,13, 9, 9, 9, 9, 9, 9, 9,13,13,13,13,13,13,13,13,18,19, 5, 5,17,13,13,10, 5,17, 9, 9, 9, 9, 9, 9,13,13,13,13,13, 9, 9, 9, 9, 9, 9, 9, 9, 9, 9, 9, 9, 9,18, 5, 5, 5, 5, 5, 5, 5, 5, 5, 5, 5,20,31,31,31,31,13,13,13,13,13,13,13,18,19, 5, 5, 5, 5, 5, 5, 5, 5, 5, 5, 5, 5, 5, 5,19,19,20,31,31,31,21,21,21,21,21,21,21,21,15,15,15,15,15,15,18,19,19,19, 5, 5, 5, 5, 5, 5, 5, 5, 5, 5, 5, 5, 5, 5, 5, 5, 5, 5, 5, 5, 5, 6, 0, 0, 0, 0, 0, 0, 0, 0
 0, 0, 0, 0, 0, 0, 0, 0, 4, 5, 5, 5, 5, 5, 5, 5, 5, 5, 5, 5, 5, 5, 5, 5, 5, 5,17,13,13,13,13,13, 9, 9, 9, 9,13,13,13,13,13,13,18,19,19,19, 5, 5, 5, 5, 5,19,19, 5, 5, 8, 9, 9, 9, 9, 9, 9, 9, 9, 9, 9, 9, 9, 9, 9, 9, 9, 9, 9, 9, 9,18,19,19,19, 5, 5, 5, 5, 5, 5, 5, 5, 5, 5, 5, 5, 5,19,19,20,13,13,13,13,13,18,19,19, 5, 5, 5, 5, 5, 5, 5, 5, 5, 5, 5, 5, 5, 5, 5, 5, 5, 5, 5,20,31,31,31,31,21,21,21,21,21,21,21,21,21,18,19,19, 5, 5, 5, 5, 5, 5, 5, 5, 5, 5, 5, 5, 5, 5, 5, 5, 5, 5, 5, 5, 5, 5, 5, 5, 5, 6, 0, 0, 0, 0, 0, 0, 0, 0
 0, 0, 0, 0, 0, 0, 0, 0, 4, 5, 5, 5, 5, 5, 5, 5, 5, 5, 5, 5, 5, 5, 5, 5, 5, 5, 5,20,13,13,13,13,13,13,13,13,13,13,13,13,18,19, 5, 5, 5, 5, 5, 5, 5, 5, 5, 5, 5, 5,17, 9, 9, 9, 9, 9, 9, 9, 9, 9, 9, 9, 9, 9, 9, 9,32,33, 9, 9,18,19, 5, 5, 5, 5, 5, 5, 5, 5, 5, 5, 5, 5, 5, 5, 5, 5, 5, 5, 5, 5,19,19,19,19,19, 5, 5, 5, 5, 5, 5, 5, 5, 5, 5, 5, 5, 5, 5, 5, 5, 5, 5, 5, 5, 5, 5, 5,19,20,31,31,31,31,31,31,31,21,21,21,18, 5, 5, 5, 5,29, 5, 5, 5, 5, 5, 5, 5, 5, 5, 5, 5, 5, 5, 5, 5, 5, 5, 5, 5, 5, 5, 5, 5, 6, 0, 0, 0, 0, 0, 0, 0, 0
 0, 0, 0, 0, 0, 0, 0, 0, 4, 5, 5, 5, 5, 5, 5, 5, 5, 5, 5, 5, 5, 5, 5, 5, 5, 5, 5, 5,20,13,13,13,13,13,13,13,13,13,13,18, 5, 5, 5, 5, 5, 5, 5, 5, 5, 5, 5, 5, 5, 5,17, 9, 9, 9, 9, 9, 9, 9, 9, 9, 9, 9, 9, 9, 9, 9, 9, 9, 9,18, 5, 5, 5, 5, 7, 7, 7, 5, 5, 5, 5, 5, 5, 5, 5, 5, 5, 5, 5, 5, 5, 5, 5, 5, 5, 5, 5, 5, 5, 5, 5, 5, 5, 5, 5, 5, 5, 5, 5, 5, 5, 5, 5, 5, 5, 5, 5, 5, 5, 5, 5, 5,19,19,19,20,31,25,31,21,21,18, 5, 5, 5, 5, 5, 5, 5, 5, 5, 5, 5, 5, 5, 5, 5, 5, 5, 5, 5, 5, 5, 5, 5, 5, 5, 5, 5, 5, 5, 6, 0, 0, 0, 0, 0, 0, 0, 0
 0, 0, 0, 0, 0, 0, 0, 0, 4, 5, 5, 5, 5, 5, 5, 5, 5, 5, 5, 5, 5, 5, 5, 5, 5, 5, 5, 5,17,13,13,13,13,13,13,13,13,13,13,10, 5, 5, 5, 5, 5, 5, 5, 5, 5, 5, 5, 5, 7, 7, 8, 9, 9, 9, 9, 9, 9, 9, 9, 9, 9, 9, 9, 9, 9, 9,18,19,19, 5, 5, 5, 7, 8,21,21,21,12, 5, 5, 5, 5, 5, 5, 5, 5, 5, 5, 5, 5, 5, 5, 5, 5, 5, 5, 5, 5, 5, 5, 5, 5, 5, 5, 5, 5, 5, 5, 5, 5, 5, 5, 5, 5, 5, 5, 5, 5, 5, 5, 5, 5, 5, 5, 5, 5,19,19,19,19,29, 5, 5, 5,29, 5, 5, 5, 5, 5, 5, 5, 5, 5, 5, 5, 5, 5, 5, 5, 5, 5, 5, 5, 5, 5, 5, 5, 5, 5, 5, 6, 0, 0, 0, 0, 0, 0, 0, 0
 0, 0, 0, 0, 0, 0, 0, 0, 4, 5, 5, 5, 5, 5, 5, 5, 5, 5, 5, 5, 5, 5, 5, 5, 5, 5, 5, 5, 5,19,20,13,13,13,13,13,13,13,13,10, 5, 5, 5, 5, 5, 5, 5, 5, 5, 5, 5, 8,13,13, 9, 9, 9, 9, 9, 9, 9, 9, 9, 9, 9,11,11,11,18,19, 5, 5, 5, 5, 7, 8,21,21,21,21,21,21,12, 7, 5, 5, 5, 5, 5, 5, 5, 5, 5, 5, 5, 5, 5, 5, 5, 5, 5, 7, 7, 7, 7, 7, 5, 5, 5, 5, 5, 7, 7, 7, 7, 7, 7, 7, 5, 5, 5, 5, 5, 5, 5, 5, 5, 5, 5, 5, 5, 5, 5, 5, 5,29, 7, 7, 5, 5, 5, 7, 7, 7, 7, 5, 5, 5, 5, 5, 5, 5, 5, 5, 5, 5, 5, 5, 5, 5, 5, 5, 5, 5, 5, 6, 0, 0, 0, 0, 0, 0, 0, 0
 0, 0, 0, 0, 0, 0, 0, 0, 4, 5, 5, 5, 5, 5, 5, 5, 5, 5, 5, 5, 5, 5, 5, 5, 5, 5, 5, 5, 5, 5,17,13,13,13,13,13,13,13,18, 5, 5, 5, 5, 5, 5, 5, 5, 5, 5, 5, 8,13,13,13,13,13, 9, 9, 9, 9, 9, 9, 9,11,11,11,11,18, 5, 5, 5, 5, 5, 8,31,31,31,31,21,21,21,21,21,21,12, 5, 5, 5, 5, 5, 5, 5, 5, 5, 5, 5, 5, 5, 7, 7, 8,13,13,13,13,13,12, 7, 7, 7, 8,13,13,13,13,13,13,13,12, 7, 5, 5, 5, 5, 5, 5, 5, 5, 5, 5, 5, 5, 5, 5, 5, 8,13,13,10, 5, 8,15,15,15,15,12, 5, 5, 5, 5, 5, 5, 5, 5, 5, 5, 5, 5, 5, 5, 5, 5, 5, 5, 5, 6, 0, 0, 0, 0, 0, 0, 0, 0
 0, 0, 0, 0, 0, 0, 0, 0, 4, 5, 5, 5, 5, 5, 5, 5, 5, 5, 5, 5, 5, 5, 5, 5, 5, 5, 5, 5, 5, 5, 5,19,20,13,13,18,19,19, 5, 5, 5, 5, 5, 5, 5, 5, 5, 5, 5,17,13,13,13,13,13,13,13,13, 9, 9, 9,11,11,11,11,11,18, 5, 5, 5, 5, 5, 8,21,31,34,35,31,21,21,21,21,21,21,21,12, 7, 7, 7, 7, 7, 5, 7, 7, 7, 5, 5, 8,23,23,23,23,13,13,13,13,13,13,13,13,13,13,13,13,13,13,13,13,13,13,12, 7, 7, 7, 5, 5, 5, 5, 5, 5, 7, 7, 7, 5,17,13,13,18,29, 8,15,15,15,15,15,15,10, 5, 5, 5, 5, 5, 5, 5, 5, 5, 5, 5, 5, 5, 5, 5, 5, 5, 5, 6, 0, 0, 0, 0, 0, 0, 0, 0
 0, 0, 0, 0, 0, 0, 0, 0, 4, 5, 5, 5, 5, 5, 5, 5, 5, 5, 5, 5, 5, 5, 5, 5, 5, 5, 5, 5, 5, 5, 5, 5, 5,19,19, 5, 5, 5, 5, 5, 7, 7, 7, 7, 5, 5, 5, 5, 5, 8,13,13,13,13,13,13,13,13,13,11,11,11,11,11,11,11,12, 5, 5, 5, 5, 8,21,21,31,36,37,31,21,21,21,21,21,21,21,21,21,21,23,23,23,38,23,23,23,12, 8,23,23,23,23,23,23,23,13,13,13,13,13,13,13,13,13,13,13,13,13,13, 9, 9, 9, 9, 9, 9,12, 7, 7, 7, 7, 8, 9, 9, 9,10, 5,19,19,29, 8,15,15,15,15,15,15,15,12, 5, 5, 5, 5, 5, 5, 5, 5, 5, 5, 5, 5, 5, 5, 5, 5, 5, 5, 6, 0, 0, 0, 0, 0, 0, 0, 0
 0, 0, 0, 0, 0, 0, 0, 0, 4, 5, 5, 5, 5, 5, 5, 5, 5, 5, 5, 5, 5, 5, 5, 5, 5, 5, 5, 5, 5, 5, 5, 5, 5, 5, 5, 5, 5, 5, 7, 8,21,21,21,21,12, 7, 7, 7, 8,13,13,13,13,13,13,13,13,13,13,13,11,11,11,11,11,11,11,10, 5, 5,17,21,21,21,31,31,31,31,23,21,21,21,21,21,21,23,23,23,23,23,18, 5,19,20,23,23,23,23,23,23,23,23,23,23,23,13,13,13,13,13,13,13,13,13,13,13,13,13,13,13, 9, 9, 9, 9, 9, 9, 9, 9, 9, 9, 9, 9, 9,12, 7, 5, 5, 8,13,13,13,13,15,15,15,15,15,10, 5, 5, 5, 5, 5, 5, 5, 5, 5, 5, 5, 5, 5, 5, 5, 5, 5, 6, 0, 0, 0, 0, 0, 0, 0, 0
 0, 0, 0, 0, 0, 0, 0, 0, 4, 5, 5, 5, 5, 5, 5, 5, 5, 5, 5, 5, 5, 5, 5, 5, 5, 5, 5, 5, 5, 5, 5, 5, 5, 5, 5, 7, 7, 8,21,21,21,21,21,21,21,21,21,21,21,21,21,13,13,13,13,13,13,13,13,11,11,11,11,11,11,11,11,10, 5, 5,17,21,21,21,21,21,21,21,23,21,21,21,21,21,23,23,23,23,21,21,10, 5, 5,17,21,21,23,23,23,23,23,23,23,23,23,23,13,13,13,13,13,13,13,13,13,13,13,13,13,13,13, 9, 9, 9, 9, 9, 9, 9, 9, 9, 9, 9, 9, 9, 9,12, 8,13,13,13,13,13,13,13,13,13,13,10, 5, 5, 5, 5, 5, 5, 5, 5, 5, 5, 5, 5, 5, 5, 5, 5, 5, 6, 0, 0, 0, 0, 0, 0, 0, 0
 0, 0, 0, 0, 0, 0, 0, 0, 4, 5, 5, 5, 5, 5, 5, 5, 5, 5, 5, 5, 5, 5, 5, 5, 5, 5, 5, 5, 5, 5, 7, 7, 7, 7, 8,21,21,21,21,21,21,21,21,21,21,21,21,21,21,21,21,21,13,13,13,13,13,13,13,13,11,11,11,11,11,11,18, 5, 5, 5,17,21,21,21,21,21,23,23,23,23,21,21,21,21,23,23,23,21,21,18, 5, 5, 5, 5,20,21,21,21,23,23,23,23,23,23,23,23,23,23,13,13,13,13,13,13,13,13,13,13,13,13,13,13, 9, 9, 9, 9, 9, 9, 9, 9, 9, 9, 9, 9, 9, 9,13,13,13,13,13,13,13,13,13,13,13,10, 5, 5, 5, 5, 5, 5, 5, 5, 5, 5, 5, 5, 5, 5, 5, 5, 5, 6, 0, 0, 0, 0, 0, 0, 0, 0
 0, 0, 0, 0, 0, 0, 0, 0, 4, 5, 5, 5, 5, 5, 5, 5, 5, 5, 5, 5, 5, 5, 5, 5, 5, 5, 5, 5, 5, 8,21,21,21,21,21,21,21,21,21,21,21,21,21,21,21,21,21,21,21,21,21,21,21,13,13,13,13,13,13,13,13,11,11,11,11,18, 5, 5, 5, 5, 5,20,21,21,21,23,23,23,23,23,21,21,21,21,21,23,21,21,18, 5, 5, 5, 5, 5, 5,20,21,21,21,21,23,23,23,23,23,23,23,23,23,13,13,13,13,13,13,13,18,19,19,19,19,19,27,21,21,21, 9, 9, 9, 9, 9, 9, 9,13,13,13,13,13,13,13,13,13,13,13,13,13,13,10, 5, 5, 5, 5, 5, 5, 5, 5, 5, 5, 5, 5, 5, 5, 5, 5, 5, 6, 0, 0, 0, 0, 0, 0, 0, 0
 0, 0, 0, 0, 0, 0, 0, 0, 4, 5, 5, 5, 5, 5, 5, 5, 5, 5, 5, 5, 5, 5, 5, 5, 5, 5, 5, 5,17,21,21,21,21,21,21,21,13,13,13,13,13,13,13,21,21,21,21,21,21,21,21,21,21,21,21,21,13,13,13,13,13,13,13,13,18, 5, 5, 5, 5, 5, 5,17,21,21,23,23,23,23,23,23,23,21,21,21,21,15,15,21,12, 5, 5, 5, 5, 5, 5, 5,19,20,21,21,21,23,23,23,23,23,23,23,23,13,13,13,13,13,18,19, 5, 5, 5, 5, 5, 8,21,21,21,21,21,21,21,21,13,13,13,13,13,13,13,13,13,13,13,13,13,13,13,13,18, 5, 5, 5, 5, 5, 5, 5, 5, 5, 5, 5, 5, 5, 5, 5, 5, 5, 5, 6, 0, 0, 0, 0, 0, 0, 0, 0
 0, 0, 0, 0, 0, 0, 0, 0, 4, 5, 5, 5, 5, 5, 5, 5, 5, 5, 5, 5, 5, 5, 5, 5, 5, 5, 5, 5,17,21,21,21,21,21,13,13,13,13,13,13,13,13,13,13,21,21,21,21,21,21,21,21,21,21,21,21,21,21,13,13,13,13,13,13,10, 5, 5, 5, 5, 5, 5, 5,20,21,23,23,23,23,23,23,23,21,21,21,15,15,21,21,21,10, 5, 5, 5, 5, 5, 5, 5, 5,20,21,21,21,21,23,23,23,23,23,39,19,19,19,19,19, 5, 5, 5, 7, 7, 7, 8,21,21,21,21,21,21,21,21,21,21,21,21,13,13,13,13,13,13,13,13,13,13,13,13,13,10, 5, 5, 5, 5, 5, 5, 5, 5, 5, 5, 5, 5, 5, 5, 5, 5, 5, 5, 6, 0, 0, 0, 0, 0, 0, 0, 0
 0, 0, 0, 0, 0, 0, 0, 0, 4, 5, 5, 5, 5, 5, 5, 5, 5, 5, 5, 5, 5, 5, 5, 5, 5, 5, 5, 5, 8,13,13,13,13,13,13,13,13,13,13,13,13,13,13,13,13,13,21,21,21,21,21,21,21,21,21,21,21,21,21,13,13,13,13,13,12, 5, 5, 5, 5, 5, 5, 5,17,21,21,23,23,23,23,23,21,21,21,15,15,15,21,21,18, 5, 5, 5, 5, 5, 5, 5, 5, 5, 5,19,20,21,21,21,21,15,15,15,15,12, 7, 7, 7, 7, 7, 7, 8,13,13,13,13,13,13,13,13,13,21,21,21,21,21,21,21,21,13,13,13,13,13,13,13,13,13,13,13,18, 5, 5, 5, 5, 5, 5, 5, 5, 5, 5, 5, 5, 5, 5, 5, 5, 5, 5, 5, 6, 0, 0, 0, 0, 0, 0, 0, 0
 0, 0, 0, 0, 0, 0, 0, 0, 4, 5, 5, 5, 5, 5, 5, 5, 5, 5, 5, 5, 5, 5, 5, 5, 5, 5, 5,17,13,13,13,13,13,13,13,13,13,13,31,31,13,13,13,13,13,13,13,13,21,21,21,21, 9, 9, 9, 9,25,21,21,13,13,13,15,15,15,12, 5, 5, 5, 5, 5, 5,17,21,21,21,23,23,23,21,21,21,15,15,15,15,21,21,12, 5, 5, 5, 5, 5, 5, 5, 5, 5, 5, 5, 8,21,21,21,15,15,15,15,15,15,15,13,13,13,13,13,13,13,13,13,13,13,13,13,13,13,13,21,21,21,21,21,21,21,21,21,21,13,13,13,13,13,13,13,39, 5, 5, 5, 5, 5, 5, 5, 5, 5, 5, 5, 5, 5, 5, 5, 5, 5, 5, 5, 5, 6, 0, 0, 0, 0, 0, 0, 0, 0
 0, 0, 0, 0, 0, 0, 0, 0, 4, 5, 5, 5, 5, 5, 5, 5, 5, 5, 5, 5, 5, 5, 5, 5, 5, 5, 5,17,13,13,13,13,13,13,13,13,13,31,31,31,31,13,13,13,13,13,13, 9, 9, 9, 9, 9, 9, 9, 9,21,21,21,15,15,15,15,15,15,15,15,10, 5, 5, 5, 5, 5, 5,20,21,21,23,23,21,21,21,15,15,15,15,15,15,21,21,10, 5, 5, 5, 5, 5, 5, 5, 5, 5,17,21,21,21,15,15,15,15,15,15,15,15,13,13,13,13,13,13,13,13,13,13,13,13,13,13,13,13,21,21,21,21,21,21,21,21,21,23,23,23,13,13,13,13,13,13,10, 5, 5, 5, 5, 5, 5, 5, 5, 5, 5, 5, 5, 5, 5, 5, 5, 5, 5, 5, 6, 0, 0, 0, 0, 0, 0, 0, 0
 0, 0, 0, 0, 0, 0, 0, 0, 4, 5, 5, 5, 5, 5, 5, 5, 5, 5, 5, 5, 5, 5, 5, 5, 5, 5, 5,17,13,13,13,13,13,13,13,13,13,31,31,31,31,13,13,13,13,13, 9, 9, 9, 9, 9, 9, 9, 9,21,21,21,15,15,15,15,15,15,15,15,18, 5, 5, 5, 5, 5, 5, 5, 8,21,21,23,21,21,21,21,21,21,15,21,21,21,21,21,10, 5, 5, 5, 5, 5, 5, 5, 5, 5, 5,19,20,21,15,15,15,15,15,15, 9, 9, 9, 9, 9, 9, 9, 9, 9,13,13,13,13,13,13,13,13,21,21,21,21,21,21,21,21,23,23,23,23,23,23,13,13,13,13,13,10, 5, 5, 5, 5, 5, 5, 5, 5, 5, 5, 5, 5, 5, 5, 5, 5, 5, 5, 5, 6, 0, 0, 0, 0, 0, 0, 0, 0
 0, 0, 0, 0, 0, 0, 0, 0, 4, 5, 5, 5, 5, 5, 5, 5, 5, 5, 5, 5, 5, 5, 5, 5, 5, 5, 5,17,13,13,13,13,13,13,13,13,13,13,31,31,13,13,13,13,13, 9, 9, 9, 9, 9, 9, 9, 9, 9, 9, 9, 9,15,15,15,15,15,15,15,18, 5, 5, 5, 5, 5, 5, 5,17,21,21,31,31,21,21,21,21,21, 9, 9, 9,21,21,21,18, 5, 5, 5, 5, 5, 5, 5, 5, 5, 5, 5, 5, 8,21,21,15,15,15,15, 9, 9, 9, 9, 9, 9, 9, 9, 9, 9, 9, 9, 9, 9,13,13,13,13,13,13,13,13,13,13,13,23,23,23,23,23,23,23,23,13,13,13,18, 5, 5, 5, 5, 5, 5, 5, 5, 5, 5, 5, 5, 5, 5, 5, 5, 5, 5, 5, 5, 6, 0, 0, 0, 0, 0, 0, 0, 0
 0, 0, 0, 0, 0, 0, 0, 0, 4, 5, 5, 5, 5, 5, 5, 5, 5, 5, 5, 5, 5, 5, 5, 5, 5, 5, 5, 5,20,13,13,13,13,13,13,13,13,13,13,13,13,13,13,13,13,13,13,15,15,15,15,15,15,15,15,15,15,15,15,15,15,15,18,19, 5, 5, 5, 5, 5, 5, 5, 5, 5,20,21,21,31,31,21,21,21, 9, 9, 9, 9, 9,21,18, 5, 5, 5, 5, 5, 5, 5, 5, 5, 5, 5, 5,17,21,21,21,15,15,15, 9, 9, 9, 9, 9, 9, 9, 9, 9, 9, 9, 9, 9, 9, 9, 9,13,13,13,13,13,13,13,13,13,23,23,23,23,23,23,23,23,13,13,13,13,10, 5, 5, 5, 5, 5, 5, 5, 5, 5, 5, 5, 5, 5, 5, 5, 5, 5, 5, 5, 5, 6, 0, 0, 0, 0, 0, 0, 0, 0
 0, 0, 0, 0, 0, 0, 0, 0, 4, 5, 5, 5, 5, 5, 5, 5, 5, 5, 5, 5, 5, 5, 5, 5, 5, 5, 5, 5,17,13,13,13,13,13,13,13,13,13,13,13,13,13,13,13,13,15,15,15,15,15,15,15,15,15,15,15,13,13,13,13,13,18, 5, 5, 5, 5, 5, 5, 5, 5, 5, 5, 5, 5,20,21,31,31,31,21,21,21, 9, 9, 9,21,21,12, 5, 5, 5, 5, 5, 5, 5, 5, 5, 5, 5, 5, 5,20,21,21,21,15,15,15, 9, 9, 9, 9, 9, 9, 9, 9, 9, 9, 9, 9, 9, 9, 9,13,13,13,13,13,13,13,13,13,13,23,23,23,23,23,23,13,13,13,13,13,12, 5, 5, 5, 5, 5, 5, 5, 5, 5, 5, 5, 5, 5, 5, 5, 5, 5, 5, 5, 5, 6, 0, 0, 0, 0, 0, 0, 0, 0
 0, 0, 0, 0, 0, 0, 0, 0, 4, 5, 5, 5, 5, 5, 5, 5, 5, 5, 5, 5, 5, 5, 5, 5, 5, 5, 5, 5, 5,20,13,13,13,13,13,13,13,13,13,13,13,15,15,15,15,15,15,15,15,15,15,15,13,13,13,13,13,13,13,13,13,12, 7, 5, 5, 5, 5, 5, 5, 5, 5, 5, 5, 5,17,21,21,31,31,31,31,21,21, 9, 9, 9,21,21,10, 5, 5, 5, 5, 5, 5, 5, 5, 5, 5, 5, 5, 5,20,21,21,21,15,15,15,15,15,15,15,15,13,13,13, 9, 9, 9, 9, 9,13,13,13,13,13,13,13,13,13,13,13,13,23,23,23,23,13,13,13,13,13,13,13,10, 5, 5, 5, 5, 5, 5, 5, 5, 5, 5, 5, 5, 5, 5, 5, 5, 5, 5, 5, 6, 0, 0, 0, 0, 0, 0, 0, 0
 0, 0, 0, 0, 0, 0, 0, 0, 4, 5, 5, 5, 5, 5, 5, 5, 5, 5, 5, 5, 5, 5, 5, 5, 5, 5, 5, 5, 5, 5,20,13,13,13,13,13,13,13,13,13,15,15,15,15,15,15,15,15,15,15,13,13,13,13,13,13,13,13, 9, 9, 9, 9, 9,12, 5, 5, 5, 5, 5, 5, 5, 5, 5, 5, 5,20,21,21,31,31,31,31,31,31,21,21,21,18, 5, 5, 5, 5, 5, 5, 5, 5, 5, 5, 5, 5, 5, 5, 5,20,21,21,15,15,15,15,15,15,15,13,13,13,13,13, 9, 9, 9,13,13,13,13,21,21,21,21,21,21,21,21,13,13,13,13,13,13,13,13,13,13,13,13,10, 5, 5, 5, 5, 5, 5, 5, 5, 5, 5, 5, 5, 5, 5, 5, 5, 5, 5, 5, 6, 0, 0, 0, 0, 0, 0, 0, 0
 0, 0, 0, 0, 0, 0, 0, 0, 4, 5, 5, 5, 5, 5, 5, 5, 5, 5, 5, 5, 5, 5, 5, 5, 5, 5, 5, 5, 5, 5, 5,20,13,13,13,13,13,13,13,13,13,13,13,15,15,15,15,15,13,13,13,13,13,13,13,13,13, 9, 9, 9, 9, 9, 9, 9,10, 5, 5, 5, 5, 5, 5, 5, 5, 5, 5, 5,20,21,21,21,31,31,21,21,21,18,19, 5, 5, 5, 5, 5, 5, 5, 5, 5, 5, 5, 5, 5, 5, 5, 5, 5,19,19,20,15,15,15,15,15,13,13,13,13,13,13,13,13,13,13,13,21,21,21, 9, 9, 9, 9, 9,21,21,21,21,21,21,13,13,13,13,13,13,13,13,12, 5, 5, 5, 5, 5, 5, 5, 5, 5, 5, 5, 5, 5, 5, 5, 5, 5, 5, 5, 6, 0, 0, 0, 0, 0, 0, 0, 0
 0, 0, 0, 0, 0, 0, 0, 0, 4, 5, 5, 5, 5, 5, 5, 5, 5, 5, 5, 5, 5, 5, 5, 5, 5, 5, 5, 5, 5, 5, 5, 5,19,19,20,13,13,13,13,13,13,13,13,13,15,15,15,15,15,15,13,13,13,13,13, 9, 9, 9, 9, 9, 9, 9, 9,18, 5, 5, 5, 5, 5, 5, 5, 5, 5, 5, 5, 5, 5,19,20,21,21,21,21,18,19, 5, 5, 5, 5, 5, 5, 5, 5, 5, 5, 5, 5, 5, 5, 5, 5, 5, 5, 5, 5, 5, 5,19,20,13,13,13,13,13,13,13,13,13,13,13,13,13,21,21,21, 9, 9, 9, 9, 9, 9, 9, 9, 9,21,21,21,21,13,13,13,13,13,13,13,13,10, 5, 5, 5, 5, 5, 5, 5, 5, 5, 5, 5, 5, 5, 5, 5, 5, 5, 5, 6, 0, 0, 0, 0, 0, 0, 0, 0
 0, 0, 0, 0, 0, 0, 0, 0, 4, 5, 5, 5, 5, 5, 5, 5, 5, 5, 5, 5, 5, 5, 5, 5, 5, 5, 5, 5, 5, 5, 5, 5, 5, 5, 5,20,13,13,13,13,13,13,13,13,13,15,15,15,13,13,13,13,13,13, 9, 9, 9, 9, 9, 9, 9, 9,18, 5, 5, 7, 7, 7, 7, 7, 7, 7, 5, 5, 5, 5, 5, 5, 5,19,19,19,19, 5, 5, 5, 5, 5, 5, 5, 5, 5, 5, 5, 5, 5, 5, 5, 5, 5, 5, 5, 5, 5, 5, 5, 5, 5, 5,20,13,13,13,13,13,13,13,13,13,13,13,13,13, 9, 9, 9, 9,13,13,13,13,13, 9, 9, 9,21,21,21,21,21,13,13,13,13,13,13,10, 5, 5, 5, 5, 5, 5, 5, 5, 5, 5, 5, 5, 5, 5, 5, 5, 5, 5, 6, 0, 0, 0, 0, 0, 0, 0, 0
 0, 0, 0, 0, 0, 0, 0, 0, 4, 5, 5, 5, 5, 5, 5, 5, 5, 5, 5, 5, 5, 5, 5, 5, 5, 5, 5, 5, 5, 5, 5, 5, 5, 5, 5, 5,20,13,13,13,13,13,13,13,13,13,13,13,13,13,13,13,13, 9, 9, 9, 9, 9, 9, 9,18,19, 5, 7, 8,13,13,13,13,13,13,13,10, 5, 5, 5, 5, 5, 5, 5, 5, 5, 5, 5, 5, 5, 5, 5, 5, 5, 5, 5, 5, 5, 5, 5, 5, 5, 5, 5, 5, 5, 5, 5, 5, 5, 5, 5, 5, 5,20,13,13,13,13,13,13,13,13,13, 9, 9, 9, 9, 9, 9,13,13,13,13,13,13,13, 9, 9, 9,21,21,21,21,13,13,13,13,13,13,10, 5, 5, 5, 5, 5, 5, 5, 5, 5, 5, 5, 5, 5, 5, 5, 5, 5, 5, 6, 0, 0, 0, 0, 0, 0, 0, 0
 0, 0, 0, 0, 0, 0, 0, 0, 4, 5, 5, 5, 5, 5, 5, 5, 5, 5, 5, 5, 5, 5, 5, 5, 5, 5, 5, 5, 5, 5, 5, 5, 5, 5, 5, 5, 5,19,20,13,13,13,13,13,13,13,13,13,13,13,13,13, 9, 9, 9, 9, 9, 9,18,19, 5, 5, 8,13,13,13,13,13,13,13,18,19, 5, 5, 5, 5, 5, 5, 5, 5, 5, 5, 5, 5, 5, 5, 5, 5, 5, 5, 5, 5, 5, 5, 5, 5, 5, 5, 5, 5, 5, 5, 5, 5, 5, 5, 5, 5, 5, 5,17,13,13,13,13,13,13,13,13, 9, 9, 9, 9, 9, 9,13,13,18,19,19,19,20,13,13, 9, 9, 9,21,21,21,21,13,13,13,13,13,10, 5, 5, 5, 5, 5, 5, 5, 5, 5, 5, 5, 5, 5, 5, 5, 5, 5, 5, 6, 0, 0, 0, 0, 0, 0, 0, 0
 0, 0, 0, 0, 0, 0, 0, 0, 4, 5, 5, 5, 5, 5, 5, 5, 5, 5, 5, 5, 5, 5, 5, 5, 5, 5, 5, 5, 5, 5, 5, 5, 5, 5, 5, 5, 5, 5, 5,19,20,13,13,13,13,13,13,13,13,13,13,13, 9, 9, 9, 9, 9, 9,12, 7, 7, 8,13,13,13,13,13,13,13,18, 5, 5, 5, 5, 5, 5, 5, 5, 5, 5, 5, 5, 5, 5, 5, 5, 5, 5, 5, 5, 5, 5, 5, 5, 5, 5, 5, 5, 5, 5, 5, 5, 5, 5, 5, 5, 5, 5, 5, 5, 5,20,13,13,13,13,13,13,13, 9, 9, 9, 9, 9,13,13,18, 5, 7, 7, 7, 7,19,20,13, 9, 9,21,21,21,13,13,13,13,13,18, 5, 5, 5, 5, 5, 5, 5, 5, 5, 5, 5, 5, 5, 5, 5, 5, 5, 5, 5, 6, 0, 0, 0, 0, 0, 0, 0, 0
 0, 0, 0, 0, 0, 0, 0, 0, 4, 5, 5, 5, 5, 5, 5, 5, 5, 5, 5, 5, 5, 5, 5, 5, 5, 5, 5, 5, 5, 5, 5, 5, 5, 5, 5, 5, 5, 5, 5, 5, 5,20,13,13,13,13,13,13,13,13,13,13,13, 9, 9, 9, 9, 9, 9, 9, 9, 9, 9, 9,13,13,13,13,18, 5, 5, 5, 5, 5, 5, 5, 5, 5, 5, 5, 5, 5, 5, 5, 5, 5, 5, 5, 5, 5, 5, 5, 5, 5, 5, 5, 5, 5, 5, 5, 5, 5, 5, 5, 5, 5, 5, 5, 5, 5, 5, 5,20,13,13,13,13,13,13,13, 9, 9, 9,13,13,18, 5,17, 9, 9, 9, 9,12, 8,13,13, 9,21,21,21,21,13,13,13,13,12, 5, 5, 5, 5, 5, 5, 5, 5, 5, 5, 5, 5, 5, 5, 5, 5, 5, 5, 5, 6, 0, 0, 0, 0, 0, 0, 0, 0
 0, 0, 0, 0, 0, 0, 0, 0, 4, 5, 5, 5, 5, 5, 5, 5, 5, 5, 5, 5, 5, 5, 5, 5, 5, 5, 5, 5, 5, 5, 5, 5, 5, 7, 7, 7, 7, 7, 7, 5, 5, 5,19,19,19,19,20,13,13,13,13,13,13,13, 9, 9, 9, 9, 9, 9, 9, 9, 9, 9, 9, 9,18,19, 5, 5, 5, 5, 5, 5, 5, 5, 5, 5, 5, 5, 5, 5, 5, 5, 5, 5, 5, 5, 5, 5, 5, 5, 5, 5, 5, 5, 5, 5, 5, 5, 5, 5, 5, 5, 5, 5, 5, 5, 5, 5, 5, 5, 5,20,13,13,13,13,13,13,13,13,13,13,13,10, 5,17, 9,32,33, 9,23,23,13,13,21,21,21,21,13,13,13,13,13,13,10, 5, 5, 5, 5, 5, 5, 5, 5, 5, 5, 5, 5, 5, 5, 5, 5, 5, 5, 6, 0, 0, 0, 0, 0, 0, 0, 0
 0, 0, 0, 0, 0, 0, 0, 0, 4, 5, 5, 5, 5, 5, 5, 5, 5, 5, 5, 5, 5, 5, 5, 5, 5, 5, 5, 5, 5, 5, 5, 5, 8,13,13,13,13,13,13,12, 7, 5, 5, 5, 5, 5, 5,20,13,13,13,13,13,13,13, 9, 9, 9, 9, 9, 9, 9, 9, 9,18,19, 5, 5, 5, 5, 5, 5, 5, 5, 5, 5, 5, 5, 5, 5, 5, 5, 5, 5, 5, 5, 5, 5, 5, 5, 5, 5, 5, 5, 5, 5, 5, 5, 5, 5, 5, 5, 5, 5, 5, 5, 5, 5, 5, 5, 5, 5, 5,17,13,13,13,13,13,13,13,13,13,13,13,12, 5,17, 9, 9, 9, 9,18,20,13,13,21,21,21,21,13,13,13,13,13,18, 5, 5, 5, 5, 5, 5, 5, 5, 5, 5, 5, 5, 5, 5, 5, 5, 5, 5, 5, 6, 0, 0, 0, 0, 0, 0, 0, 0
 0, 0, 0, 0, 0, 0, 0, 0, 4, 5, 5, 5, 5, 5, 5, 5, 5, 5, 5, 5, 5, 5, 5, 5, 5, 5, 5, 5, 5, 5, 5, 8,13,13,13,13,13,13,13,13,13,12, 7, 7, 5, 5, 5, 5,19,20,13,13,13,13, 9, 9, 9, 9, 9, 9, 9, 9, 9, 9,12, 7, 5, 5, 5, 5, 5, 5, 5, 5, 5, 5, 5, 5, 5, 5, 5, 5, 5, 5, 5, 5, 5, 5, 5, 5, 5, 5, 5, 5, 5, 5, 5,40,40,40,40,40,40,40,40, 5, 5, 5, 5, 5, 5, 5, 5, 5,20,13,13,13,13,13,13,13,13,13,13,13,12, 5,19,19,19,19, 7, 8,21,21,21,21,21,13,13,13,13,13,18, 5, 5, 5, 5, 5, 5, 5, 5, 5, 5, 5, 5, 5, 5, 5, 5, 5, 5, 5, 5, 6, 0, 0, 0, 0, 0, 0, 0, 0
 0, 0, 0, 0, 0, 0, 0, 0, 4, 5, 5, 5, 5, 5, 5, 5, 5, 5, 5, 5, 5, 5, 5, 5, 5, 5, 5, 5, 5, 5, 8,13,13,13,13,13,13,13,13,13,13,13,13,13,12, 5, 5, 5, 5,17,13,13,13, 9, 9, 9, 9, 9, 9, 9, 9, 9, 9, 9, 9, 9,12, 7, 7, 5, 5, 5, 5, 5, 5, 5, 5, 5, 5, 5, 5, 5, 5, 5, 5, 5, 5, 5, 5, 5, 5, 5, 5, 5, 5, 7, 8,21,21,21,21,21,21,21,21,12, 7, 5, 5, 5, 5, 5, 5, 5, 5,20,13,13,13,13,13,13,13,13,13,13,13,12, 7, 7, 7, 8,21,21,21,21,21,21,21,13,13,13,13,13,10, 5, 5, 5, 5, 5, 5, 5, 5, 5, 5, 5, 5, 5, 5, 5, 5, 5, 5, 5, 5, 6, 0, 0, 0, 0, 0, 0, 0, 0
 0, 0, 0, 0, 0, 0, 0, 0, 4, 5, 5, 5, 5, 5, 5, 5, 5, 5, 5, 5, 5, 5, 5, 5, 5, 5, 5, 5, 5, 8,13,13,13,13,13,13,13,13,13,13, 9, 9, 9, 9, 9,12, 7, 7, 5, 5,20, 9, 9, 9, 9, 9, 9, 9, 9, 9, 9, 9, 9, 9, 9, 9, 9, 9, 9,12, 5, 5, 5, 5, 5, 5, 5, 5, 5, 5, 5, 5, 5, 5, 5, 5, 5, 5, 5, 5, 5, 5, 5, 5, 8,23,23,23,23,23,23,23,23,23,23,23,23,12, 5, 5, 5, 5, 5, 5, 5, 5,20,13,13,13,13,13,13,13,13,21,21,21,21,21,21,21,21,21,21,21,21,13,13,13,13,13,13,13,10, 5, 5, 5, 5, 5, 5, 5, 5, 5, 5, 5, 5, 5, 5, 5, 5, 5, 5, 5, 5, 6, 0, 0, 0, 0, 0, 0, 0, 0
 0, 0, 0, 0, 0, 0, 0, 0, 4, 5, 5, 5, 5, 5, 5, 5, 5, 5, 5, 5, 5, 5, 5, 5, 5, 5, 5, 5, 8,13,13,13,13,13,13,13,13, 9, 9, 9, 9, 9, 9, 9, 9, 9, 9, 9,12, 5,17, 9, 9, 9, 9, 9, 9, 9, 9, 9, 9, 9, 9, 9, 9, 9, 9, 9, 9, 9,12, 5, 5, 5, 5, 5, 5, 5, 5, 5, 5, 5, 5, 5, 5, 5, 5, 5, 5, 5, 5, 5, 5, 8,21,21,21,21,21,21,21,21,21,21,21,21,23,23,12, 5, 5, 5, 5, 5, 5, 5, 5,20,13,13,13,13,13,13,13,13,21,21,21,21,21,21,21,21,21,21,13,13,13,13,13,13,13,18, 5, 5, 5, 5, 5, 5, 5, 5, 5, 5, 5, 5, 5, 5, 5, 5, 5, 5, 5, 5, 5, 6, 0, 0, 0, 0, 0, 0, 0, 0
 0, 0, 0, 0, 0, 0, 0, 0, 4, 5, 5, 5, 5, 5, 5, 5, 5, 5, 5, 5, 5, 5, 5, 5, 5, 5, 5, 8,13,13,13,13,13,13,13,13, 9, 9, 9, 9, 9, 9, 9, 9, 9, 9, 9, 9, 9,12, 5,20, 9, 9, 9, 9, 9, 9, 9, 9, 9, 9, 9, 9, 9, 9, 9, 9, 9, 9, 9,12, 5, 5, 5, 5, 5, 5, 5, 5, 5, 5, 5, 5, 5, 5, 7, 7, 7, 7, 7, 7, 8,21,21,21,21,21,21,21,21,21,21,21,21,21,21,23,23,10, 5, 5, 5, 5, 5, 5, 5, 5,20,13,13,13,13,13,13,13,13,13,21,21,21,21,21,21,21,13,13,13,13,13,13,13,13,10, 5, 5, 5, 5, 5, 5, 5, 5, 5, 5, 5, 5, 5, 5, 5, 5, 5, 5, 5, 5, 5, 6, 0, 0, 0, 0, 0, 0, 0, 0
 0, 0, 0, 0, 0, 0, 0, 0, 4, 5, 5, 5, 5, 5, 5, 5, 5, 5, 5, 5, 5, 5, 5, 5, 5, 5,17,13,13,13,13,13,13,13, 9, 9, 9, 9, 9, 9, 9, 9, 9, 9, 9, 9, 9, 9, 9, 9,12, 5,27, 9, 9, 9, 9, 9, 9, 9, 9, 9, 9, 9,13,13, 9, 9, 9, 9, 9, 9,10, 5, 5, 5, 5, 5, 5, 5, 5, 5, 5, 7, 7, 8,21,21,21,21,21,21,21,21,21,21,23,23,23,23,23,23,21,21,21,21,21,21,23,12, 7, 5, 5, 5, 5, 5, 5, 5, 5,20,13,13,13,13,13,13,13,13,13,21,21,21,21,21,21,21,13,13,13,13,13,13,39, 5, 5, 5, 5, 5, 5, 5, 5, 5, 5, 5, 5, 5, 5, 5, 5, 5, 5, 5, 5, 5, 5, 6, 0, 0, 0, 0, 0, 0, 0, 0
 0, 0, 0, 0, 0, 0, 0, 0, 4, 5, 5, 5, 5, 5, 5, 5, 5, 5, 5, 5, 5, 5, 5, 5, 5, 5,17,13,13,13,13,13,13, 9, 9, 9, 9, 9, 9, 9, 9, 9, 9, 9, 9, 9, 9, 9, 9, 9, 9,30, 9, 9, 9, 9, 9, 9, 9, 9, 9, 9, 9,13,13,13,13, 9, 9, 9, 9, 9,12, 5, 5, 5, 5, 5, 5, 5, 5, 7, 8,21,21,21,21,21,21,21,21,23,23,23,23,23,23,23,23,23,23,23,23,23,23,21,21,21,23,21,21,10, 5, 5, 5, 5, 5, 5, 5, 5,19,20,13,13,13,13,13,13,13,13,21,21,21,21,21,21,13,13,13,13,13,13,13,10, 5, 5, 5, 5, 5, 5, 5, 5, 5, 5, 5, 5, 5, 5, 5, 5, 5, 5, 5, 5, 5, 6, 0, 0, 0, 0, 0, 0, 0, 0
 0, 0, 0, 0, 0, 0, 0, 0, 4, 5, 5, 5, 5, 5, 5, 5, 5, 5, 5, 5, 5, 5, 5, 5, 5, 5, 5,20,13,13,13,13,13, 9, 9, 9, 9, 9, 9, 9, 9, 9, 9, 9, 9, 9, 9, 9, 9, 9,39, 7,27, 9, 9, 9, 9, 9, 9, 9, 9, 9,13,13,13,13,13,13, 9, 9, 9, 9, 9,10, 5, 5, 5, 5, 5, 5, 8,21,21,21,21,21,21,21,21,21,23,23,21,21,21,21,21,21,21,21,21,21,21,21,23,23,21,21,23,21,21,12, 5, 5, 5, 5, 5, 5, 5, 5, 5, 5,41,20,13,13,13,13,13,13,13,21,21,21,21,21,21,13,13,13,13,13,13,10, 5, 5, 5, 5, 5, 5, 5, 5, 5, 5, 5, 5, 5, 5, 5, 5, 5, 5, 5, 5, 5, 6, 0, 0, 0, 0, 0, 0, 0, 0
 0, 0, 0, 0, 0, 0, 0, 0, 4, 5, 5, 5, 5, 5, 5, 5, 5, 5, 5, 5, 5, 5, 5, 5, 5, 5, 5, 8,13,13,13,13, 9, 9, 9, 9, 9, 9, 9, 9, 9, 9, 9, 9, 9, 9, 9,21,21,21,21,21,21,21,21, 9, 9, 9, 9, 9, 9, 9, 9,13,13,13,13, 9, 9, 9, 9, 9, 9,10, 5, 5, 5, 5, 5,17,21,21,21,21,21,21,21,21,21,23,23,21,21,21,21,23,23,23,23,23,23,23,21,21,21,23,21,21,23,21,21,21,12, 7, 7, 5, 5, 5, 5, 5, 5, 5, 5, 5,20,13,13,13,13,13,13,13,21,21,21,21,21,13,13,13,13,13,13,12, 5, 5, 5, 5, 5, 5, 5, 5, 5, 5, 5, 5, 5, 5, 5, 5, 5, 5, 5, 5, 5, 6, 0, 0, 0, 0, 0, 0, 0, 0
 0, 0, 0, 0, 0, 0, 0, 0, 4, 5, 5, 5, 5, 5, 5, 5, 5, 5, 5, 5, 5, 5, 5, 5, 5, 5,17,13,13,13,13,13, 9, 9, 9, 9, 9, 9, 9, 9, 9, 9, 9, 9,21,21,21,21,21,21,21,21,21,21,21,21,21,21, 9, 9, 9, 9, 9, 9,13,13, 9, 9, 9, 9, 9, 9, 9,10, 5, 5, 5, 5, 5, 5,20,21,21,21,21,21,21,21,21,23,21,21,21,21,21,21,21,21,21,23,23,23,21,21,21,23,23,23,23,21,21,21,21,21,21,12, 5, 5, 5, 5, 5, 5, 5, 5, 5,20,13,13,13,13,13,13,13,21,21,21,21,13,13,13,13,13,13,13,10, 5, 5, 5, 5, 5, 5, 5, 5, 5, 5, 5, 5, 5, 5, 5, 5, 5, 5, 5, 5, 6, 0, 0, 0, 0, 0, 0, 0, 0
 0, 0, 0, 0, 0, 0, 0, 0, 4, 5, 5, 5, 5, 5, 5, 5, 5, 5, 5, 5, 5, 5, 5, 5, 5, 5,17,13,13,13,13,13,13, 9, 9, 9, 9, 9, 9, 9, 9, 9, 9, 9,21,21,21,21,21,21,21,21,21,21,21,21,21,21,21,21, 9, 9, 9, 9, 9, 9, 9, 9, 9, 9, 9, 9,18, 5, 5, 5, 5, 5, 5, 5, 5,19,20,23,23,23,23,23,23,23,21,21,21,21,21,21,21,21,21,21,23,21,21,21,21,21,23,23,23,23,21,21,21,21,21,21,12, 5, 5, 5, 5, 5, 5, 5, 5,17,13,13,13,13,13,13,13,21,21,21,13,13,13,13,13,13,13,13,10, 5, 5, 5, 5, 5, 5, 5, 5, 5, 5, 5, 5, 5, 5, 5, 5, 5, 5, 5, 5, 6, 0, 0, 0, 0, 0, 0, 0, 0
 0, 0, 0, 0, 0, 0, 0, 0, 4, 5, 5, 5, 5, 5, 5, 5, 5, 5, 5, 5, 5, 5, 5, 5, 5, 5, 5,20,13,13,13,13,13, 9, 9, 9, 9, 9, 9, 9, 9, 9, 9,21,21,21,21,23,23,23,23,23,23,23,21,21,21,21,21,21,21,21, 9, 9, 9, 9, 9, 9, 9, 9,18,19, 5, 5, 5, 5, 5, 5, 5, 5, 5, 5, 8,15,21,21,21,21,21,23,23,21,21,21,21,21,21,21,21,21,23,21,21,21,21,21,21,21,21,13,13,13,13,13,13,13,13,12, 7, 5, 5, 5, 5, 5, 5, 5,20,13,13,13,13,13,21,21,21,13,13,13,13,13,13,13,13,13,10, 5, 5, 5, 5, 5, 5, 5, 5, 5, 5, 5, 5, 5, 5, 5, 5, 5, 5, 5, 5, 6, 0, 0, 0, 0, 0, 0, 0, 0
 0, 0, 0, 0, 0, 0, 0, 0, 4, 5, 5, 5, 5, 5, 5, 5, 5, 5, 5, 5, 5, 5, 5, 5, 5, 5, 5, 5,19,20,13,13,13,13,13, 9, 9, 9, 9, 9, 9, 9, 9,23,23,23,23,23,23,23,23,23,23,23,23,23,23,21,21,21,21,21,21,21,21,21,21,18,19,19, 5, 5, 5, 5, 5, 5, 7, 7, 7, 7, 7, 8,15,15,15,21,21,21,21,21,23,23,23,23,23,21,21,21,21,21,23,21,21,21,21,21,21,21,13,13,13,13,13,13,13,13,13,13,13,12, 5, 5, 5, 5, 5, 5,17,13,13,13,13,15,15,15,15,15,15,13,13,13,13,13,13,13,10, 5, 5, 5, 5, 5, 5, 5, 5, 5, 5, 5, 5, 5, 5, 5, 5, 5, 5, 5, 5, 6, 0, 0, 0, 0, 0, 0, 0, 0
 0, 0, 0, 0, 0, 0, 0, 0, 4, 5, 5, 5, 5, 5, 5, 5, 5, 5, 5, 5, 5, 5, 5, 5, 5, 5, 5, 5, 5, 8,13,13,13,13,13,13,13, 9, 9, 9, 9, 9,23,23,23,23,23,23,23,23,23,23,23,23,23,23,23,23,21,21,21,18,19,19,19,19,19, 5, 5, 5, 5, 5, 5, 5, 7, 8,13,13,13,13,13,15,15,15,15,15,21,21,21,21,21,21,21,21,21,21,21,21,21,21,23,23,23,23,23,23,23,13,13,13,13,13,13, 9, 9, 9,13,13,13,13,12, 7, 5, 5, 5, 5, 5,20,13,13,13,13,15,15,15,15,15,13,13,13,13,13,13,13,10, 5, 5, 5, 5, 5, 5, 5, 5, 5, 5, 5, 5, 5, 5, 5, 5, 5, 5, 5, 5, 6, 0, 0, 0, 0, 0, 0, 0, 0
 0, 0, 0, 0, 0, 0, 0, 0, 4, 5, 5, 5, 5, 5, 5, 5, 5, 5, 5, 5, 5, 5, 5, 5, 5, 5, 5, 7, 8,13,13,13,13,13,13,13,13,13,13, 9, 9, 9,23,23,23,23,23,23,23,23,23,23,23,23,23,23,23,23,23,18,19, 5, 5, 5, 5, 5, 5, 5, 5, 5, 5, 5, 7, 8,13,13,13,13,13,13,15,15,15,15,15,15,21,21,21,21,21,21,21,21,21,21,21,21,21,21,21,21,21,21,21,21,13,13,13,13,13,13, 9, 9, 9, 9, 9,13,13,13,13,13,12, 5, 5, 5, 5, 8,13,13,13,13,13,15,15,15,15,15,13,13,13,13,13,39, 5, 5, 5, 5, 5, 5, 5, 5, 5, 5, 5, 5, 5, 5, 5, 5, 5, 5, 5, 5, 5, 6, 0, 0, 0, 0, 0, 0, 0, 0
 0, 0, 0, 0, 0, 0, 0, 0, 4, 5, 5, 5, 5, 5, 5, 5, 5, 5, 5, 5, 5, 5, 5, 5, 5, 5,17,13,13,13,13,13,13,13,13,13,13,13,13,13,13,23,23,23,23,23,23,23,23,23,23,23,32,33,23,23,23,23,23,10, 5, 5, 5, 5, 7, 7, 7, 7, 7, 7, 7, 8,13,13,13,13,13,13,13,15,15,15,15,15,15,15,21,21,21,21,21, 9, 9, 9, 9,39,28,19,20,21,21,21,21,21,21,21,21,13,13,13,13, 9, 9, 9, 9, 9, 9, 9,13,13,13,13,13,12, 7, 7, 8,13,13,13,13,13,13,15,15,15,15,15,15,13,13,13,13,13,10, 5, 5, 5, 5, 5, 5, 5, 5, 5, 5, 5, 5, 5, 5, 5, 5, 5, 5, 5, 5, 6, 0, 0, 0, 0, 0, 0, 0, 0
 0, 0, 0, 0, 0, 0, 0, 0, 4, 5, 5, 5, 5, 5, 5, 5, 5, 5, 5, 5, 5, 5, 5, 5, 5, 5,17,13,13,13,13,13,13,13,13,13,13,13,13,13,13,23,23,23,23,23,23,23,23,23,23,23,23,23,23,23,23,23,18, 5, 5, 5, 5,17,13,13,13,13,13,13,13,13,13,13,13,13,13,13,13,13,15,15,15,15,15,21,21,21,21, 9, 9, 9, 9, 9, 9, 9, 9,10, 7,28,27,21,21,21,21,21,21,21,21,13,13, 9, 9, 9, 9, 9, 9, 9,13,13,13,13,13,13,13,13,13,13,13,13,13,13,13,15,15,15,15,15,15,15,15,13,13,18, 5, 5, 5, 5, 5, 5, 5, 5, 5, 5, 5, 5, 5, 5, 5, 5, 5, 5, 5, 5, 5, 6, 0, 0, 0, 0, 0, 0, 0, 0
 0, 0, 0, 0, 0, 0, 0, 0, 4, 5, 5, 5, 5, 5, 5, 5, 5, 5, 5, 5, 5, 5, 5, 5, 5, 5, 5,20,13,13,13,13,13,13,13,13,13,13,13,13,23,23,23,23,23,23,23,23,23,23,23,23,23,23,23,23,23,18, 5, 5, 7, 7, 7, 7,28,28,28,28,28,28,27,13,13,13,13,13,13,13,13,13,13,13,21,21,21,21,21,21, 9, 9, 9, 9, 9, 9, 9, 9, 9,30,31,31,21,21,21,21,21,21,21,21,21,21,13,13, 9, 9, 9, 9, 9,13,13,13,13,13,13,13,13,13,13,13,13,13,13,13,13,15,15,15,15,15,15,15,15,15,15,10, 5, 5, 5, 5, 5, 5, 5, 5, 5, 5, 5, 5, 5, 5, 5, 5, 5, 5, 5, 5, 5, 6, 0, 0, 0, 0, 0, 0, 0, 0
 0, 0, 0, 0, 0, 0, 0, 0, 4, 5, 5, 5, 5, 5, 5, 5, 5, 5, 5, 5, 5, 5, 5, 5, 5, 5, 5, 5,19,19,19,20,13,13,13,13,13,13,13,23,23,23,23,23,23,23,23,23,23,23,23,23,23,23,23,18,19, 5, 5,17,13,13,13,13,13,13,13,13,13,13,13,13,13,13,13,13,13,13,13,13,21,21,21,13,13,13,13,13,13, 9, 9, 9, 9, 9, 9, 9,18, 5,27,31,31, 9, 9, 9, 9, 9,21,21,21,21,13,13,13, 9, 9, 9,13,13,13,13,13,13,13,13,13,13,13,13,13,13,13,13,13,13,15,15,15,15,15,15,15,15,18, 5, 5, 5, 5, 5, 5, 5, 5, 5, 5, 5, 5, 5, 5, 5, 5, 5, 5, 5, 5, 5, 5, 6, 0, 0, 0, 0, 0, 0, 0, 0
 0, 0, 0, 0, 0, 0, 0, 0, 4, 5, 5, 5, 5, 5, 5, 5, 5, 5, 5, 5, 5, 5, 5, 5, 5, 5, 5, 5, 5, 5, 5, 5,19,19,20,13,13,13,23,23,23,23,23,23,23,23,23,23,23,23,23,23,23,23,18, 5, 5, 5, 5, 5,19,19,19,28,28,28,28,28,28,28,28,28,27,13,13,13,13,13,13,21,21,13,13,13,13,13,13,13,13,13,13,13,18,19,19,19, 5,17,31,31, 9, 9, 9, 9, 9, 9, 9,21,21,21,21,13,13,13,13,13,13,13,13,13,13,13,13,13,13,13,13,13,13,13,13,13,13,15,15,15,15,15,15,15,15,15,10, 5, 5, 5, 5, 5, 5, 5, 5, 5, 5, 5, 5, 5, 5, 5, 5, 5, 5, 5, 5, 5, 5, 6, 0, 0, 0, 0, 0, 0, 0, 0
 0, 0, 0, 0, 0, 0, 0, 0, 4, 5, 5, 5, 5, 5, 5, 5, 5, 5, 5, 5, 5, 5, 5, 5, 5, 5, 5, 5, 5, 5, 5, 5, 5, 5,17,23,23,23,23,23,23,23,23,23,23,23,23,23,23,23,23,23,23,18, 5, 5, 5, 5, 5, 7, 7, 7, 8,13,13,13,13,13,13,13,13,13,13,13,13,13,13,13,21,21,13,13,13,13,13,13,13,13,18,19,19,19, 5, 5, 5, 5, 5, 8, 9, 9, 9, 9, 9, 9, 9, 9, 9,21,21,21,21,13,13,13,13,13,13,13,13,13,13,13,13,13,13,13,13,13,13,13,13,15,15,15,15,15,15,15,15,15,15,18, 5, 5, 5, 5, 5, 5, 5, 5, 5, 5, 5, 5, 5, 5, 5, 5, 5, 5, 5, 5, 5, 5, 5, 6, 0, 0, 0, 0, 0, 0, 0, 0
 0, 0, 0, 0, 0, 0, 0, 0, 4, 5, 5, 5, 5, 5, 5, 5, 5, 5, 5, 5, 5, 5, 5, 5, 5, 5, 5, 5, 5, 5, 5, 5, 5, 5, 8,23,23,23,23,23,23,23,23,23,23,23,23,23,23,23,23,23,23,12, 5, 5, 5, 5,17,13,13,13,13,13,13,13,18,19,20,13,13,13,13,13,13,13,21,21,21,13,13,13,13,13,18,19,19,19, 5, 5, 5, 5, 5, 5, 5, 7, 8, 9, 9, 9, 9, 9, 9, 9, 9, 9, 9, 9,21,21,21,21,13,13,13,13,13,13,13,13,18,19,20,13,13,13,13,13,13,15,15,15,15,15,15,15,15,15,15,15,18, 5, 5, 5, 5, 5, 5, 5, 5, 5, 5, 5, 5, 5, 5, 5, 5, 5, 5, 5, 5, 5, 5, 5, 5, 6, 0, 0, 0, 0, 0, 0, 0, 0
 0, 0, 0, 0, 0, 0, 0, 0, 4, 5, 5, 5, 5, 5, 5, 5, 5, 5, 5, 5, 5, 5, 5, 5, 5, 5, 5, 5, 5, 5, 5, 5, 7, 8,23,23,23,23,23,23,23,23,23,23,23,23,23,23,23,23,23,23,23,23,12, 7, 7, 7, 7,28,28,28,28,28,28,28, 5, 5, 5,27,13,13,13,13,21,21,21,13,13,13,13,13,18,19, 5, 5, 5, 5, 5, 5, 7, 7, 7, 7, 8, 9, 9, 9, 9, 9, 9, 9, 9, 9, 9, 9, 9, 9, 9,21,21,21,21,21,13,13,13,13,13,18, 5, 5, 5,20,13,13,13,13,15,15,15,15,15,15,15,15,15,15,15,18, 5, 5, 5, 5, 5, 5, 5, 5, 5, 5, 5, 5, 5, 5, 5, 5, 5, 5, 5, 5, 5, 5, 5, 5, 5, 6, 0, 0, 0, 0, 0, 0, 0, 0
 0, 0, 0, 0, 0, 0, 0, 0, 4, 5, 5, 5, 5, 5, 5, 5, 5, 5, 5, 5, 5, 5, 5, 5, 5, 5, 5, 5, 5, 5, 7, 8,15,15,15,15,15,15,15,23,23,23,23,23,23,23,23,23,23,23,23,13,13,13,13,13,13,13,13,13,13,13,13,13,13,13,12, 5, 8,13,13,13,21,21,13,13,13,13,13,13,13,18, 7, 7, 7, 5, 5, 5, 5, 8,13,13,13,13,13,13, 9, 9, 9, 9, 9, 9, 9, 9, 9, 9, 9,13,13,13,21,21,21,21,21,21,21,39,19, 5, 5, 5, 5, 5,19,20,15,15,15,15,15,15,15,15,15,15,15,15,18, 5, 5, 5, 5, 5, 5, 5, 5, 5, 5, 5, 5, 5, 5, 5, 5, 5, 5, 5, 5, 5, 5, 5, 5, 5, 5, 6, 0, 0, 0, 0, 0, 0, 0, 0
 0, 0, 0, 0, 0, 0, 0, 0, 4, 5, 5, 5, 5, 5, 5, 5, 5, 5, 5, 5, 5, 5, 5, 5, 5, 5, 5, 5, 7, 8,15,15,15,15,15,15,15,15,15,15,15,23,23,23,23,23,23,23,13,13,13,13,13,13,13,13,13,13,13,13,13,13,13,13,13,13,13,30,13,13,21,21,21,13,13,13,13,13,13,13,18, 8,13,13,13,12, 5, 5,17,13,13,13,13,13,13,13,13,13, 9, 9, 9, 9, 9, 9, 9, 9,13,13,13,13,13,13,21,21,21,21,21,21,12, 5, 5, 5, 5, 5, 5, 5,19,19,20,15,15,15,15,15,15,15,15,18, 5, 5, 5, 5, 5, 5, 5, 5, 5, 5, 5, 5, 5, 5, 5, 5, 5, 5, 5, 5, 5, 5, 5, 5, 5, 5, 5, 6, 0, 0, 0, 0, 0, 0, 0, 0
 0, 0, 0, 0, 0, 0, 0, 0, 4, 5, 5, 5, 5, 5, 5, 5, 5, 5, 5, 5, 5, 5, 5, 5, 5, 5, 5, 8,15,15,15,15,15,15,15,15,15,15,15,15,15,15,15,23,23,23,23,23,23,13,13,13,13,13,13,13,13,13,13,13,13,13,13,13,13,18,19, 5,20,21,21,13,13,13,13, 9, 9, 9, 9,18, 8,13,13,13,13,13,12, 5, 5,20,13,13,13,13,13,13,13,13,13,13, 9, 9,13,13,13,13,13,13,13,13,13,21,21,21,21,21,21,21,21,10, 5, 5, 5, 5, 5, 5, 5, 5, 5,19,19,19,19,19,19,19,19, 5, 5, 5, 5, 5, 5, 5, 5, 5, 5, 5, 5, 5, 5, 5, 5, 5, 5, 5, 5, 5, 5, 5, 5, 5, 5, 5, 5, 6, 0, 0, 0, 0, 0, 0, 0, 0
 0, 0, 0, 0, 0, 0, 0, 0, 4, 5, 5, 5, 5, 5, 5, 5, 5, 5, 5, 5, 5, 5, 5, 5, 5, 5,17,15,15,15,15,15,15,15,15,15,15,15,15,15,21,21,21,21,23,23,23,23,23,23,13,13,13,13,13,13,13,13,13,13,13,13,13,18,19, 5, 5, 5, 5,19,19,27, 9, 9, 9, 9, 9, 9, 9,38,13,13,13,13,13,13,13,12, 5, 5,20,13,13,13,13,13,13,13,15,15, 9, 9,15,15,13,13,13,13,13,13,21,21,21,21,21,21,21,21,18, 5, 5, 5, 5, 5, 5, 5, 5, 5, 5, 5, 5, 5, 5, 5, 5, 5, 5, 5, 5, 5, 5, 5, 5, 5, 5, 5, 5, 5, 5, 5, 5, 5, 5, 5, 5, 5, 5, 5, 5, 5, 5, 5, 5, 5, 5, 6, 0, 0, 0, 0, 0, 0, 0, 0
 0, 0, 0, 0, 0, 0, 0, 0, 4, 5, 5, 5, 5, 5, 5, 5, 5, 5, 5, 5, 5, 5, 5, 5, 5, 5,17,15,15,15,15,15,15,15,15,15,15,15,21,21,21,21,21,21,21,23,23,23,23,23,23,23,13,13,13,13,13,13,13,13,39,28,19, 5, 5, 5, 7, 7, 7, 7, 8, 9, 9, 9, 9, 9, 9, 9, 9,30,13,13,13,13,13,13,13,13,12, 5, 5,20,13,13,13,13,13,13,15, 9, 9, 9, 9,15,13,13,13,13,13,13,21,21,21,21,21,21,21,21,10, 5, 5, 5, 5, 5, 5, 5, 5, 7, 7, 7, 5, 5, 5, 5, 5, 5, 5, 5, 5, 5, 5, 5, 5, 5, 5, 5, 5, 5, 5, 5, 5, 5, 5, 5, 5, 5, 5, 5, 5, 5, 5, 5, 5, 5, 5, 6, 0, 0, 0, 0, 0, 0, 0, 0
 0, 0, 0, 0, 0, 0, 0, 0, 4, 5, 5, 5, 5, 5, 5, 5, 5, 5, 5, 5, 5, 5, 5, 5, 5, 5, 5,20,15,15,15,15,15,15,15,15,15,21,21,21,21,21,21,21,21,21,23,23,23,23,23,23,23,13,13,13,13,13,13,13,21,21,12, 5, 5, 8,21,21,21, 9, 9, 9, 9, 9, 9, 9, 9,18,19, 5,19,19,20,13,13,13,13,13,13,12, 5,17,13,13,13,13,13,13,15, 9,32,33, 9,15,13,13,13,13,13,13,13,21,21,21,21,21,21,18, 5, 5, 5, 5, 5, 5, 5, 5, 8,15,15,15,12, 7, 7, 7, 5, 5, 5, 5, 5, 5, 5, 5, 5, 5, 5, 5, 5, 5, 5, 5, 5, 5, 5, 5, 5, 5, 5, 5, 5, 5, 5, 5, 5, 5, 5, 6, 0, 0, 0, 0, 0, 0, 0, 0
 0, 0, 0, 0, 0, 0, 0, 0, 4, 5, 5, 5, 5, 5, 5, 5, 5, 5, 5, 5, 5, 5, 5, 5, 5, 5, 5,17,15,15,15,15,15,15,15,21,21,21,21,21,21,21,21,21,21,21,23,23,23,23,23,23,23,23,13,13,13,13,21,21,21,21,21,12, 8,21,21,21,21,21,21, 9, 9, 9, 9, 9,18, 5, 5, 5, 5, 5, 5,20,13,13,13,13,13,13,12, 5,19,20,13,13,13,13,15, 9, 9, 9, 9,15,13,13,13,13,13,13,13,21,21,21,21,21,18, 5, 5, 5, 5, 5, 5, 5, 5, 8,15,15,15,15,15,15,15,15,12, 7, 7, 7, 5, 5, 5, 5, 5, 5, 5, 5, 5, 5, 5, 5, 5, 5, 5, 5, 5, 5, 5, 5, 5, 5, 5, 5, 5, 5, 5, 6, 0, 0, 0, 0, 0, 0, 0, 0
 0, 0, 0, 0, 0, 0, 0, 0, 4, 5, 5, 5, 5, 5, 5, 5, 5, 5, 5, 5, 5, 5, 5, 5, 5, 5, 5,17,15,15,15,15,15,15,21,21,21,21,21,21,21,21,21,21,21,21,21,23,23,23,23,23,23,23,15,15,15,15,21,21,21,21,21,21,21,21,21,21,21,21,21,21, 9, 9, 9, 9,10, 5, 5, 5, 5, 5, 5, 5,20,13,13,13,13,13,13,12, 7, 8,13,13,13,13,15,15,15,15,15,15,13,13,13,13,13,13,13,21,21,21,21,21,12, 5, 5, 5, 5, 5, 5, 5, 8,15,15,15,15,15,15,15,15,15,15,15,15,15,12, 7, 7, 5, 5, 5, 5, 5, 5, 5, 5, 5, 5, 5, 5, 5, 5, 5, 5, 5, 5, 5, 5, 5, 5, 5, 5, 6, 0, 0, 0, 0, 0, 0, 0, 0
 0, 0, 0, 0, 0, 0, 0, 0, 4, 5, 5, 5, 5, 5, 5, 5, 5, 5, 5, 5, 5, 5, 5, 5, 5, 5, 5,17,15,15,15,15,15,15,21,21,21,13,13,13,13,21,21,21,21,21,21,23,23,23,23,23,23,15,15,15,15,15,15,21,21,21,21,21,21,21,21,21,21,21,21, 9, 9, 9, 9,18, 5, 5, 5, 5, 5, 5, 5, 5, 5,20,13,13,13,13,13,21,21,21,21,13,13,13,13,13,13,13,13,13,13,13,13,13,13,13,21,21,21,21,21,21,21,12, 5, 5, 5, 5, 5,17,15,15,15,15,15,15,15,15,15,15,15,15,15,15,15,15,15,12, 5, 5, 5, 5, 5, 5, 5, 5, 5, 5, 5, 5, 5, 5, 5, 5, 5, 5, 5, 5, 5, 5, 5, 6, 0, 0, 0, 0, 0, 0, 0, 0
 0, 0, 0, 0, 0, 0, 0, 0, 4, 5, 5, 5, 5, 5, 5, 5, 5, 5, 5, 5, 5, 5, 5, 5, 5, 5, 5, 5,20,15,15,15,15,21,21,13,13,13,13,13,13,13,13,21,21,21,21,21,21,23,23,23,15,15,15,15,15,15,15,15,21,21,21,21,21,21,21,21,13,13,13,13,13,18,19, 5, 5, 5, 5, 5, 5, 5, 5, 5, 5, 5,19,20,13,13,13,21,21,21,21,21,21,21,13,13,13,13,13,13,13,13,13,13,21,21,21,21,21,21,21,21,21,21,10, 5, 5, 5, 5,17,15,15,15,15,15,15,15,21,21,21,21,21,15,15,15,15,15,15,10, 5, 5, 5, 5, 5, 5, 5, 5, 5, 5, 5, 5, 5, 5, 5, 5, 5, 5, 5, 5, 5, 5, 6, 0, 0, 0, 0, 0, 0, 0, 0
 0, 0, 0, 0, 0, 0, 0, 0, 4, 5, 5, 5, 5, 5, 5, 5, 5, 5, 5, 5, 5, 5, 5, 5, 5, 5, 5, 5, 5,20,15,15,15,21,21,13,13,13,13,13,13,13,13,13,21,21,21,21,21,15,15,15,15,15,15,15,15,15,15,15,15,21,21,21,21,21,21,13,13,13,13,13,18, 5, 5, 5, 5, 5, 5, 5, 5, 5, 5, 5, 5, 5, 5, 5,20,23,23,23,23,23,21,21,21,21,21,21,21,21,21,21,21,21,21,21,21,21,21,21,21,15,15,15,15,15,10, 5, 5, 5, 5, 5,20,15,15,15,15,15,21,21,13,13,13,21,21,15,15,15,15,15,10, 5, 5, 5, 5, 5, 5, 5, 5, 5, 5, 5, 5, 5, 5, 5, 5, 5, 5, 5, 5, 5, 5, 6, 0, 0, 0, 0, 0, 0, 0, 0
 0, 0, 0, 0, 0, 0, 0, 0, 4, 5, 5, 5, 5, 5, 5, 5, 5, 5, 5, 5, 5, 5, 5, 5, 5, 5, 5, 5, 5, 5,20,15,15,15,21,21,13,13,13,13,13,13,15,15,15,15,15,15,15,15,15,15,15,15,15,15,15,15,15,21,21,21,21,21,21,21,13,13,13,13,13,18, 5, 5, 5, 5, 5, 5, 5, 5, 5, 5, 5, 5, 5, 5, 5, 5, 5,20,23,23,23,23,23,21,21,21,21,21,21,21,21,21,21,21,21,21,21,21,21,21,15,15,15,15,15,18, 5, 5, 5, 5, 5, 5, 5,20,15,15,15,15,21,13,13,13,13,13,21,15,15,15,15,18, 5, 5, 5, 5, 5, 5, 5, 5, 5, 5, 5, 5, 5, 5, 5, 5, 5, 5, 5, 5, 5, 5, 5, 6, 0, 0, 0, 0, 0, 0, 0, 0
 0, 0, 0, 0, 0, 0, 0, 0, 4, 5, 5, 5, 5, 5, 5, 5, 5, 5, 5, 5, 5, 5, 5, 5, 5, 5, 5, 5, 5, 5, 8,15,15,15,15,21,21,21,21,21, 9, 9, 9, 9,15,15,15,15,15,15,15,15,15,15,15,15,15,15,21,21,21,21,21,21,21,13,13,13,13,13,18, 5, 5, 5, 5, 5, 5, 5, 5, 5, 5, 5, 5, 5, 5, 5, 5, 5, 5,17,23,23,23,23,23,23,23,21,21,21,21,21,21,21,21,21,21,21,15,15,15,15,15,15,15,15,15,10, 5, 5, 5, 5, 5, 5, 5, 5,20,15,15,15,21,13,13,22,13,13,21,15,15,15,18, 5, 5, 5, 5, 5, 5, 5, 5, 5, 5, 5, 5, 5, 5, 5, 5, 5, 5, 5, 5, 5, 5, 5, 5, 6, 0, 0, 0, 0, 0, 0, 0, 0
 0, 0, 0, 0, 0, 0, 0, 0, 4, 5, 5, 5, 5, 5, 5, 5, 5, 5, 5, 5, 5, 5, 5, 5, 5, 5, 5, 5, 5,17,15,15,15,15,15,15,15,15,15, 9, 9, 9, 9, 9, 9,15,15,15,15,15,15,15,15,15,15,15,21,21,21,21,21,21,13,13,13,13,13,13,13,13,10, 5, 5, 5, 5, 5, 5, 5, 5, 5, 5, 5, 5, 5, 5, 5, 5, 5, 5, 5,20,23,23,23,23,23,23,23,23,23,21,21,21,21,21,21,21,15,15,15,15,15,15,15,15,18,19, 5, 5, 5, 5, 5, 5, 5, 5, 5, 5,20,15,15,21,13,13,13,13,13,21,15,15,18, 5, 5, 5, 5, 5, 5, 5, 5, 5, 5, 5, 5, 5, 5, 5, 5, 5, 5, 5, 5, 5, 5, 5, 5, 5, 6, 0, 0, 0, 0, 0, 0, 0, 0
 0, 0, 0, 0, 0, 0, 0, 0, 4, 5, 5, 5, 5, 5, 5, 5, 5, 5, 5, 5, 5, 5, 5, 5, 5, 5, 5, 5, 5,17,15,15,15,15,15,15,15,15, 9, 9, 9, 9, 9, 9, 9, 9,15,15,15,15,15,15,15,15,15,21,21,21,21,21,21,13,13,13,13,13,13,13,13,13,10, 5, 5, 5, 5, 5, 5, 5, 5, 5, 5, 5, 5, 5, 5, 5, 5, 5, 5, 5, 5,19,20,23,23,23,23,23,23,23,23,21,21,21,21,21,21,21,23,23,23,23,23,23,23,10, 5, 5, 5, 5, 5, 5, 5, 5, 5, 5, 5, 5,20,15,21,21,21,13,21,21,21,15,15,10, 5, 5, 5, 5, 5, 5, 5, 5, 5, 5, 5, 5, 5, 5, 5, 5, 5, 5, 5, 5, 5, 5, 5, 5, 5, 6, 0, 0, 0, 0, 0, 0, 0, 0
 0, 0, 0, 0, 0, 0, 0, 0, 4, 5, 5, 5, 5, 5, 5, 5, 5, 5, 5, 5, 5, 5, 5, 5, 5, 5, 5, 5, 5, 5,20,15,15,15,15,15,15,15, 9, 9, 9, 9, 9, 9, 9, 9,15,15,15,15,15,15,15,15,15,15,21,21,21,21,13,13,13,13,13,13,13,13,13,18, 5, 5, 5, 5, 5, 5, 5, 5, 5, 5, 5, 5, 5, 5, 5, 5, 5, 5, 5, 5, 5, 5, 5,20,23,23,23,23,23,23,23,23,21,21,21,21,31,31,31,23,23,23,18,19,19, 5, 5, 5, 5, 5, 5, 5, 5, 5, 5, 5, 5, 5,17, 9, 9, 9,21,13,21,15,15,15,15,10, 5, 5, 5, 5, 5, 5, 5, 5, 5, 5, 5, 5, 5, 5, 5, 5, 5, 5, 5, 5, 5, 5, 5, 5, 5, 6, 0, 0, 0, 0, 0, 0, 0, 0
 0, 0, 0, 0, 0, 0, 0, 0, 4, 5, 5, 5, 5, 5, 5, 5, 5, 5, 5, 5, 5, 5, 5, 5, 5, 5, 5, 5, 5, 5, 5,20,15,15,15,15,15,15, 9, 9, 9, 9, 9, 9, 9, 9,15,15,15,15,15,15,15,15,21,21,21,21,21,13,13,13,13,13,13,13,13,13,18, 5, 5, 5, 5, 5, 5, 5, 5, 5, 5, 5, 5, 5, 5, 5, 5, 5, 5, 5, 5, 5, 5, 5, 5,17,23,23,23,23,23,23,23,23,23,31,31,31,31,22,31,31,18,19, 5, 5, 5, 5, 5, 5, 5, 5, 5, 5, 5, 5, 5, 5, 5, 5, 5,20, 9, 9, 9, 9, 9, 9, 9, 9,18, 5, 5, 5, 5, 5, 5, 5, 5, 5, 5, 5, 5, 5, 5, 5, 5, 5, 5, 5, 5, 5, 5, 5, 5, 5, 5, 6, 0, 0, 0, 0, 0, 0, 0, 0
 0, 0, 0, 0, 0, 0, 0, 0, 4, 5, 5, 5, 5, 5, 5, 5, 5, 5, 5, 5, 5, 5, 5, 5, 5, 5, 5, 5, 5, 5, 5, 5,20,15,15,15,15,15,15, 9, 9, 9, 9, 9, 9,15,15,15,15,15,15,15,21,21,21,21,21,13,13,13,13,13,13,13,13,13,13,18, 5, 5, 5, 5, 5, 5, 5, 5, 5, 5, 5, 5, 5, 5, 5, 5, 5, 5, 5, 5, 5, 5, 5, 5, 5, 5,19,20,23,23,23,23,23,18,19,20,31,31,31,31,31,18, 5, 5, 5, 5, 5, 5, 5, 5, 5, 5, 5, 5, 5, 5, 5, 5, 5, 5, 5, 5,20, 9, 9, 9, 9, 9,18,19, 5, 5, 5, 5, 5, 5, 5, 5, 5, 5, 5, 5, 5, 5, 5, 5, 5, 5, 5, 5, 5, 5, 5, 5, 5, 5, 5, 6, 0, 0, 0, 0, 0, 0, 0, 0
 0, 0, 0, 0, 0, 0, 0, 0, 4, 5, 5, 5, 5, 5, 5, 5, 5, 5, 5, 5, 5, 5, 5, 5, 5, 5, 5, 5, 5, 5, 5, 5,17,15,15,15,15,15,15,15, 9, 9, 9, 9,15,15,15,15,15,15,18,19,27,13,13,13,13,13,13,13,13,13,13,13,13,13,18, 5, 5, 5, 5, 5, 5, 5, 5, 5, 5, 5, 5, 5, 5, 5, 5, 5, 5, 5, 5, 5, 5, 5, 5, 5, 5, 5, 5, 5,19,19,19,19,19, 5, 5, 5,19,19,19,19,19, 5, 5, 5, 5, 5, 5, 5, 5, 5, 5, 5, 5, 5, 5, 5, 5, 5, 5, 5, 5, 5, 5,20, 9, 9, 9,18, 5, 5, 5, 5, 5, 5, 5, 5, 5, 5, 5, 5, 5, 5, 5, 5, 5, 5, 5, 5, 5, 5, 5, 5, 5, 5, 5, 5, 5, 6, 0, 0, 0, 0, 0, 0, 0, 0
 0, 0, 0, 0, 0, 0, 0, 0, 4, 5, 5, 5, 5, 5, 5, 5, 5, 5, 5, 5, 5, 5, 5, 5, 5, 5, 5, 5, 5, 5, 5, 5, 5,20,15,15,15,15,15,15,15,15,15,15,15,15,15,15,15,18, 7, 8,13,13,13,13,13,13,13,13,13,13,13,13,18,19, 5, 5, 5, 5, 5, 5, 5, 5, 5, 5, 5, 5, 5, 5, 5, 5, 5, 5, 5, 5, 5, 5, 5, 5, 5, 5, 5, 5, 5, 5, 5, 5, 5, 5, 5, 5, 5, 5, 5, 5, 5, 5, 5, 5, 5, 5, 5, 5, 5, 5, 5, 5, 5, 5, 5, 5, 5, 5, 5, 5, 5, 5, 5, 5, 5, 5,19,19,19, 5, 5, 5, 5, 5, 5, 5, 5, 5, 5, 5, 5, 5, 5, 5, 5, 5, 5, 5, 5, 5, 5, 5, 5, 5, 5, 5, 5, 5, 5, 6, 0, 0, 0, 0, 0, 0, 0, 0
 0, 0, 0, 0, 0, 0, 0, 0, 4, 5, 5, 5, 5, 5, 5, 5, 5, 5, 5, 5, 5, 5, 5, 5, 5, 5, 5, 5, 5, 5, 5, 5, 5, 5,20,15,15,15,15,15,15,15,15,15,15,15,15,15,15,30,15,15,15,15,15,15,13,13,13,13,13,18,19,19, 5, 5, 5, 5, 5, 5, 5, 5, 5, 5, 5, 5, 5, 5, 5, 5, 5, 5, 5, 5, 5, 5, 5, 5, 5, 5, 5, 5, 5, 5, 5, 5, 5, 5, 5, 5, 5, 5, 5, 5, 5, 5, 5, 5, 5, 5, 5, 5, 5, 5, 5, 5, 5, 5, 5, 5, 5, 5, 5, 5, 5, 5, 5, 5, 5, 5, 5, 5, 5, 5, 5, 5, 5, 5, 7, 5, 5, 5, 5, 5, 5, 5, 5, 5, 5, 5, 5, 5, 5, 5, 5, 5, 5, 5, 5, 5, 5, 5, 5, 5, 5, 6, 0, 0, 0, 0, 0, 0, 0, 0
 0, 0, 0, 0, 0, 0, 0, 0, 4, 5, 5, 5, 5, 5, 5, 5, 5, 5, 5, 5, 5, 5, 5, 5, 5, 5, 5, 5, 5, 5, 5, 5, 5, 5, 5,20,15,15,15,15,15,15,15,15,15,15,15,15,18, 5,20,15,15,15,15,15,15,15,18,19,19, 5, 5, 5, 5, 5, 5, 5, 5, 5, 5, 5, 5, 5, 5, 5, 5, 5, 5, 5, 5, 5, 5, 5, 5, 5, 5, 5, 5, 5, 5, 5, 5, 5, 5, 5, 5, 5, 5, 5, 5, 5, 5, 5, 5, 5, 5, 5, 5, 5, 5, 5, 5, 5, 5, 5, 5, 5, 5, 5, 5, 5, 5, 5, 5, 5, 5, 5, 5, 5, 5, 5, 5, 5, 5, 5, 5,17,13,10, 5, 5, 5, 5, 5, 5, 5, 5, 5, 5, 5, 5, 5, 5, 5, 5, 5, 5, 5, 5, 5, 5, 5, 5, 5, 6, 0, 0, 0, 0, 0, 0, 0, 0
 0, 0, 0, 0, 0, 0, 0, 0, 4, 5, 5, 5, 5, 5, 5, 5, 5, 5, 5, 5, 5, 5, 5, 5, 5, 5, 5, 5, 5, 5, 5, 5, 5, 5, 5, 5,19,19,19,19,19,19,19,19,19,19,19,19, 5, 5, 5,19,19,19,19,19,19,19, 5, 5, 5, 5, 5, 5, 5, 5, 5, 5, 5, 5, 5, 5, 5, 5, 5, 5, 5, 5, 5, 5, 5, 5, 5, 5, 5, 5, 5, 5, 5, 5, 5, 5, 5, 5, 5, 5, 5, 5, 5, 5, 5, 5, 5, 5, 5, 5, 5, 5, 5, 5, 5, 5, 5, 5, 5, 5, 5, 5, 5, 5, 5, 5, 5, 5, 5, 5, 5, 5, 5, 5, 5, 5, 5, 5, 5, 5, 5, 5,19, 5, 5, 5, 5, 5, 5, 5, 5, 5, 5, 5, 5, 5, 5, 5, 5, 5, 5, 5, 5, 5, 5, 5, 5, 5, 5, 6, 0, 0, 0, 0, 0, 0, 0, 0
 0, 0, 0, 0, 0, 0, 0, 0, 4, 5, 5, 5, 5, 5, 5, 5, 5, 5, 5, 5, 5, 5, 5, 5, 5, 5, 5, 5, 5, 5, 5, 5, 5, 5, 5, 5, 5, 5, 5, 5, 5, 5, 5, 5, 5, 5, 5, 5, 5, 5, 5, 5, 5, 5, 5, 5, 5, 5, 5, 5, 5, 5, 5, 5, 5, 5, 5, 5, 5, 5, 5, 5, 5, 5, 5, 5, 5, 5, 5, 5, 5, 5, 5, 5, 5, 5, 5, 5, 5, 5, 5, 5, 5, 5, 5, 5, 5, 5, 5, 5, 5, 5, 5, 5, 5, 5, 5, 5, 5, 5, 5, 5, 5, 5, 5, 5, 5, 5, 5, 5, 5, 5, 5, 5, 5, 5, 5, 5, 5, 5, 5, 5, 5, 5, 5, 5, 5, 5, 5, 5, 5, 5, 5, 5, 5, 5, 5, 5, 5, 5, 5, 5, 5, 5, 5, 5, 5, 5, 5, 5, 5, 5, 5, 5, 5, 6, 0, 0, 0, 0, 0, 0, 0, 0
 0, 0, 0, 0, 0, 0, 0, 0, 4, 5, 5, 5, 5, 5, 5, 5, 5, 5, 5, 5, 5, 5, 5, 5, 5, 5, 5, 5, 5, 5, 5, 5, 5, 5, 5, 5, 5, 5, 5, 5, 5, 5, 5, 5, 5, 5, 5, 5, 5, 5, 5, 5, 5, 5, 5, 5, 5, 5, 5, 5, 5, 5, 5, 5, 5, 5, 5, 5, 5, 5, 5, 5, 5, 5, 5, 5, 5, 5, 5, 5, 5, 5, 5, 5, 5, 5, 5, 5, 5, 5, 5, 5, 5, 5, 5, 5, 5, 5, 5, 5, 5, 5, 5, 5, 5, 5, 5, 5, 5, 5, 5, 5, 5, 5, 5, 5, 5, 5, 5, 5, 5, 5, 5, 5, 5, 5, 5, 5, 5, 5, 5, 5, 5, 5, 5, 5, 5, 5, 5, 5, 5, 5, 5, 5, 5, 5, 5, 5, 5, 5, 5, 5, 5, 5, 5, 5, 5, 5, 5, 5, 5, 5, 5, 5, 5, 6, 0, 0, 0, 0, 0, 0, 0, 0
 0, 0, 0, 0, 0, 0, 0, 0, 4, 5, 5, 5, 5, 5, 5, 5, 5, 5, 5, 5, 5, 5, 5, 5, 5, 5, 5, 5, 5, 5, 5, 5, 5, 5, 5, 5, 5, 5, 5, 5, 5, 5, 5, 5, 5, 5, 5, 5, 5, 5, 5, 5, 5, 5, 5, 5, 5, 5, 5, 5, 5, 5, 5, 5, 5, 5, 5, 5, 5, 5, 5, 5, 5, 5, 5, 5, 5, 5, 5, 5, 5, 5, 5, 5, 5, 5, 5, 5, 5, 5, 5, 5, 5, 5, 5, 5, 5, 5, 5, 5, 5, 5, 5, 5, 5, 5, 5, 5, 5, 5, 5, 5, 5, 5, 5, 5, 5, 5, 5, 5, 5, 5, 5, 5, 5, 5, 5, 5, 5, 5, 5, 5, 5, 5, 5, 5, 5, 5, 5, 5, 5, 5, 5, 5, 5, 5, 5, 5, 5, 5, 5, 5, 5, 5, 5, 5, 5, 5, 5, 5, 5, 5, 5, 5, 5, 6, 0, 0, 0, 0, 0, 0, 0, 0
 0, 0, 0, 0, 0, 0, 0, 0, 4, 5, 5, 5, 5, 5, 5, 5, 5, 5, 5, 5, 5, 5, 5, 5, 5, 5, 5, 5, 5, 5, 5, 5, 5, 5, 5, 5, 5, 5, 5, 5, 5, 5, 5, 5, 5, 5, 5, 5, 5, 5, 5, 5, 5, 5, 5, 5, 5, 5, 5, 5, 5, 5, 5, 5, 5, 5, 5, 5, 5, 5, 5, 5, 5, 5, 5, 5, 5, 5, 5, 5, 5, 5, 5, 5, 5, 5, 5, 5, 5, 5, 5, 5, 5, 5, 5, 5, 5, 5, 5, 5, 5, 5, 5, 5, 5, 5, 5, 5, 5, 5, 5, 5, 5, 5, 5, 5, 5, 5, 5, 5, 5, 5, 5, 5, 5, 5, 5, 5, 5, 5, 5, 5, 5, 5, 5, 5, 5, 5, 5, 5, 5, 5, 5, 5, 5, 5, 5, 5, 5, 5, 5, 5, 5, 5, 5, 5, 5, 5, 5, 5, 5, 5, 5, 5, 5, 6, 0, 0, 0, 0, 0, 0, 0, 0
 0, 0, 0, 0, 0, 0, 0, 0,42,43,43,43,43,43,43,43,43,43,43,43,43,43,43,43,43,43,43,43,43,43,43,43,43,43,43,43,43,43,43,43,43,43,43,43,43,43,43,43,43,43,43,43,43,43,43,43,43,43,43,43,43,43,43,43,43,43,43,43,43,43,43,43,43,43,43,43,43,43,43,43,43,43,43,43,43,43,43,43,43,43,43,43,43,43,43,43,43,43,43,43,43,43,43,43,43,43,43,43,43,43,43,43,43,43,43,43,43,43,43,43,43,43,43,43,43,43,43,43,43,43,43,43,43,43,43,43,43,43,43,43,43,43,43,43,43,43,43,43,43,43,43,43,43,43,43,43,43,43,43,43,43,43,43,43,43,44, 0, 0, 0, 0, 0, 0, 0, 0
 0, 0, 0, 0, 0, 0, 0, 0, 0, 0, 0, 0, 0, 0, 0, 0, 0, 0, 0, 0, 0, 0, 0, 0, 0, 0, 0, 0, 0, 0, 0, 0, 0, 0, 0, 0, 0, 0, 0, 0, 0, 0, 0, 0, 0, 0, 0, 0, 0, 0, 0, 0, 0, 0, 0, 0, 0, 0, 0, 0, 0, 0, 0, 0, 0, 0, 0, 0, 0, 0, 0, 0, 0, 0, 0, 0, 0, 0, 0, 0, 0, 0, 0, 0, 0, 0, 0, 0, 0, 0, 0, 0, 0, 0, 0, 0, 0, 0, 0, 0, 0, 0, 0, 0, 0, 0, 0, 0, 0, 0, 0, 0, 0, 0, 0, 0, 0, 0, 0, 0, 0, 0, 0, 0, 0, 0, 0, 0, 0, 0, 0, 0, 0, 0, 0, 0, 0, 0, 0, 0, 0, 0, 0, 0, 0, 0, 0, 0, 0, 0, 0, 0, 0, 0, 0, 0, 0, 0, 0, 0, 0, 0, 0, 0, 0, 0, 0, 0, 0, 0, 0, 0, 0, 0
 0, 0, 0, 0, 0, 0, 0, 0, 0, 0, 0, 0, 0, 0, 0, 0, 0, 0, 0, 0, 0, 0, 0, 0, 0, 0, 0, 0, 0, 0, 0, 0, 0, 0, 0, 0, 0, 0, 0, 0, 0, 0, 0, 0, 0, 0, 0, 0, 0, 0, 0, 0, 0, 0, 0, 0, 0, 0, 0, 0, 0, 0, 0, 0, 0, 0, 0, 0, 0, 0, 0, 0, 0, 0, 0, 0, 0, 0, 0, 0, 0, 0, 0, 0, 0, 0, 0, 0, 0, 0, 0, 0, 0, 0, 0, 0, 0, 0, 0, 0, 0, 0, 0, 0, 0, 0, 0, 0, 0, 0, 0, 0, 0, 0, 0, 0, 0, 0, 0, 0, 0, 0, 0, 0, 0, 0, 0, 0, 0, 0, 0, 0, 0, 0, 0, 0, 0, 0, 0, 0, 0, 0, 0, 0, 0, 0, 0, 0, 0, 0, 0, 0, 0, 0, 0, 0, 0, 0, 0, 0, 0, 0, 0, 0, 0, 0, 0, 0, 0, 0, 0, 0, 0, 0
 0, 0, 0, 0, 0, 0, 0, 0, 0, 0, 0, 0, 0, 0, 0, 0, 0, 0, 0, 0, 0, 0, 0, 0, 0, 0, 0, 0, 0, 0, 0, 0, 0, 0, 0, 0, 0, 0, 0, 0, 0, 0, 0, 0, 0, 0, 0, 0, 0, 0, 0, 0, 0, 0, 0, 0, 0, 0, 0, 0, 0, 0, 0, 0, 0, 0, 0, 0, 0, 0, 0, 0, 0, 0, 0, 0, 0, 0, 0, 0, 0, 0, 0, 0, 0, 0, 0, 0, 0, 0, 0, 0, 0, 0, 0, 0, 0, 0, 0, 0, 0, 0, 0, 0, 0, 0, 0, 0, 0, 0, 0, 0, 0, 0, 0, 0, 0, 0, 0, 0, 0, 0, 0, 0, 0, 0, 0, 0, 0, 0, 0, 0, 0, 0, 0, 0, 0, 0, 0, 0, 0, 0, 0, 0, 0, 0, 0, 0, 0, 0, 0, 0, 0, 0, 0, 0, 0, 0, 0, 0, 0, 0, 0, 0, 0, 0, 0, 0, 0, 0, 0, 0, 0, 0
 0, 0, 0, 0, 0, 0, 0, 0, 0, 0, 0, 0, 0, 0, 0, 0, 0, 0, 0, 0, 0, 0, 0, 0, 0, 0, 0, 0, 0, 0, 0, 0, 0, 0, 0, 0, 0, 0, 0, 0, 0, 0, 0, 0, 0, 0, 0, 0, 0, 0, 0, 0, 0, 0, 0, 0, 0, 0, 0, 0, 0, 0, 0, 0, 0, 0, 0, 0, 0, 0, 0, 0, 0, 0, 0, 0, 0, 0, 0, 0, 0, 0, 0, 0, 0, 0, 0, 0, 0, 0, 0, 0, 0, 0, 0, 0, 0, 0, 0, 0, 0, 0, 0, 0, 0, 0, 0, 0, 0, 0, 0, 0, 0, 0, 0, 0, 0, 0, 0, 0, 0, 0, 0, 0, 0, 0, 0, 0, 0, 0, 0, 0, 0, 0, 0, 0, 0, 0, 0, 0, 0, 0, 0, 0, 0, 0, 0, 0, 0, 0, 0, 0, 0, 0, 0, 0, 0, 0, 0, 0, 0, 0, 0, 0, 0, 0, 0, 0, 0, 0, 0, 0, 0, 0
 0, 0, 0, 0, 0, 0, 0, 0, 0, 0, 0, 0, 0, 0, 0, 0, 0, 0, 0, 0, 0, 0, 0, 0, 0, 0, 0, 0, 0, 0, 0, 0, 0, 0, 0, 0, 0, 0, 0, 0, 0, 0, 0, 0, 0, 0, 0, 0, 0, 0, 0, 0, 0, 0, 0, 0, 0, 0, 0, 0, 0, 0, 0, 0, 0, 0, 0, 0, 0, 0, 0, 0, 0, 0, 0, 0, 0, 0, 0, 0, 0, 0, 0, 0, 0, 0, 0, 0, 0, 0, 0, 0, 0, 0, 0, 0, 0, 0, 0, 0, 0, 0, 0, 0, 0, 0, 0, 0, 0, 0, 0, 0, 0, 0, 0, 0, 0, 0, 0, 0, 0, 0, 0, 0, 0, 0, 0, 0, 0, 0, 0, 0, 0, 0, 0, 0, 0, 0, 0, 0, 0, 0, 0, 0, 0, 0, 0, 0, 0, 0, 0, 0, 0, 0, 0, 0, 0, 0, 0, 0, 0, 0, 0, 0, 0, 0, 0, 0, 0, 0, 0, 0, 0, 0
 0, 0, 0, 0, 0, 0, 0, 0, 0, 0, 0, 0, 0, 0, 0, 0, 0, 0, 0, 0, 0, 0, 0, 0, 0, 0, 0, 0, 0, 0, 0, 0, 0, 0, 0, 0, 0, 0, 0, 0, 0, 0, 0, 0, 0, 0, 0, 0, 0, 0, 0, 0, 0, 0, 0, 0, 0, 0, 0, 0, 0, 0, 0, 0, 0, 0, 0, 0, 0, 0, 0, 0, 0, 0, 0, 0, 0, 0, 0, 0, 0, 0, 0, 0, 0, 0, 0, 0, 0, 0, 0, 0, 0, 0, 0, 0, 0, 0, 0, 0, 0, 0, 0, 0, 0, 0, 0, 0, 0, 0, 0, 0, 0, 0, 0, 0, 0, 0, 0, 0, 0, 0, 0, 0, 0, 0, 0, 0, 0, 0, 0, 0, 0, 0, 0, 0, 0, 0, 0, 0, 0, 0, 0, 0, 0, 0, 0, 0, 0, 0, 0, 0, 0, 0, 0, 0, 0, 0, 0, 0, 0, 0, 0, 0, 0, 0, 0, 0, 0, 0, 0, 0, 0, 0
 0, 0, 0, 0, 0, 0, 0, 0, 0, 0, 0, 0, 0, 0, 0, 0, 0, 0, 0, 0, 0, 0, 0, 0, 0, 0, 0, 0, 0, 0, 0, 0, 0, 0, 0, 0, 0, 0, 0, 0, 0, 0, 0, 0, 0, 0, 0, 0, 0, 0, 0, 0, 0, 0, 0, 0, 0, 0, 0, 0, 0, 0, 0, 0, 0, 0, 0, 0, 0, 0, 0, 0, 0, 0, 0, 0, 0, 0, 0, 0, 0, 0, 0, 0, 0, 0, 0, 0, 0, 0, 0, 0, 0, 0, 0, 0, 0, 0, 0, 0, 0, 0, 0, 0, 0, 0, 0, 0, 0, 0, 0, 0, 0, 0, 0, 0, 0, 0, 0, 0, 0, 0, 0, 0, 0, 0, 0, 0, 0, 0, 0, 0, 0, 0, 0, 0, 0, 0, 0, 0, 0, 0, 0, 0, 0, 0, 0, 0, 0, 0, 0, 0, 0, 0, 0, 0, 0, 0, 0, 0, 0, 0, 0, 0, 0, 0, 0, 0, 0, 0, 0, 0, 0, 0
 0, 0, 0, 0, 0, 0, 0, 0, 0, 0, 0, 0, 0, 0, 0, 0, 0, 0, 0, 0, 0, 0, 0, 0, 0, 0, 0, 0, 0, 0, 0, 0, 0, 0, 0, 0, 0, 0, 0, 0, 0, 0, 0, 0, 0, 0, 0, 0, 0, 0, 0, 0, 0, 0, 0, 0, 0, 0, 0, 0, 0, 0, 0, 0, 0, 0, 0, 0, 0, 0, 0, 0, 0, 0, 0, 0, 0, 0, 0, 0, 0, 0, 0, 0, 0, 0, 0, 0, 0, 0, 0, 0, 0, 0, 0, 0, 0, 0, 0, 0, 0, 0, 0, 0, 0, 0, 0, 0, 0, 0, 0, 0, 0, 0, 0, 0, 0, 0, 0, 0, 0, 0, 0, 0, 0, 0, 0, 0, 0, 0, 0, 0, 0, 0, 0, 0, 0, 0, 0, 0, 0, 0, 0, 0, 0, 0, 0, 0, 0, 0, 0, 0, 0, 0, 0, 0, 0, 0, 0, 0, 0, 0, 0, 0, 0, 0, 0, 0, 0, 0, 0, 0, 0, 0
